Edition,Report Type,Measure Name,State Name,Rank,Value,Score,Lower CI,Upper CI,Source,Source Year
2017,2017 Annual,Air Pollution,Ohio,45,9.6,0.65,,,"U.S. Environmental Protection Agency; U.S. Census Bureau, Annual Estimates of the Resident Population: April 1, 2010 to July 1 2017",2014-2016
2017,2017 Annual,All Determinants,Ohio,40,-0.266,-0.266,0,0,America's Health Rankings composite measure,2017
2017,2017 Annual,All Outcomes,Ohio,39,-0.144,-0.144,0,0,America's Health Rankings composite measure,2017
2017,2017 Annual,Behaviors,Ohio,46,-0.212,-0.212,0,0,America's Health Rankings composite measure,2017
2017,2017 Annual,Binge Drinking,Ohio,31,17.9,0.35,19.1,16.7,"CDC, Behavioral Risk Factor Surveillance System",2016
2017,2017 Annual,"Binge Drinking - $25-$49,999",Ohio,21,14.9,-0.19,17.1,12.7,"CDC, Behavioral Risk Factor Surveillance System",2016
2017,2017 Annual,"Binge Drinking - $50-$74,999",Ohio,33,19.1,0.35,22.4,15.8,"CDC, Behavioral Risk Factor Surveillance System",2016
2017,2017 Annual,"Binge Drinking - $75,000 or More",Ohio,32,20.8,0.17,23.1,18.5,"CDC, Behavioral Risk Factor Surveillance System",2016
2017,2017 Annual,Binge Drinking - Ages 18-44,Ohio,35,27.3,0.77,29.6,25,"CDC, Behavioral Risk Factor Surveillance System",2016
2017,2017 Annual,Binge Drinking - Ages 45-64,Ohio,27,14.1,0,15.6,12.6,"CDC, Behavioral Risk Factor Surveillance System",2016
2017,2017 Annual,Binge Drinking - Ages 65+,Ohio,24,4.6,-0.22,5.6,3.5,"CDC, Behavioral Risk Factor Surveillance System",2016
2017,2017 Annual,Binge Drinking - American Indian/Alaskan Native,Ohio,0,,0,22.2,2.2,"CDC, Behavioral Risk Factor Surveillance System",2016
2017,2017 Annual,Binge Drinking - Asian,Ohio,0,,0,28.4,6.7,"CDC, Behavioral Risk Factor Surveillance System",2016
2017,2017 Annual,Binge Drinking - Black,Ohio,0,13.4,0,17.2,9.7,"CDC, Behavioral Risk Factor Surveillance System",2016
2017,2017 Annual,Binge Drinking - College Grad,Ohio,31,16.7,0.04,18.5,14.8,"CDC, Behavioral Risk Factor Surveillance System",2016
2017,2017 Annual,Binge Drinking - Female,Ohio,30,12.8,0.32,14.2,11.3,"CDC, Behavioral Risk Factor Surveillance System",2016
2017,2017 Annual,Binge Drinking - Hawaiian/Pacific Islander,Ohio,0,,0,0,0,"CDC, Behavioral Risk Factor Surveillance System",2016
2017,2017 Annual,Binge Drinking - High School Grad,Ohio,24,15.8,0,17.7,13.8,"CDC, Behavioral Risk Factor Surveillance System",2016
2017,2017 Annual,Binge Drinking - Hispanic,Ohio,0,20.7,0,29,12.4,"CDC, Behavioral Risk Factor Surveillance System",2016
2017,2017 Annual,"Binge Drinking - Less Than $25,000",Ohio,40,14.5,0.81,17.1,11.9,"CDC, Behavioral Risk Factor Surveillance System",2016
2017,2017 Annual,Binge Drinking - Less than High School,Ohio,0,16.2,0,21.1,11.3,"CDC, Behavioral Risk Factor Surveillance System",2016
2017,2017 Annual,Binge Drinking - Male,Ohio,35,23.5,0.43,25.4,21.6,"CDC, Behavioral Risk Factor Surveillance System",2016
2017,2017 Annual,Binge Drinking - Multiracial,Ohio,0,21.3,0,31.1,11.6,"CDC, Behavioral Risk Factor Surveillance System",2016
2017,2017 Annual,Binge Drinking - Other Race,Ohio,0,,0,47.8,4.4,"CDC, Behavioral Risk Factor Surveillance System",2016
2017,2017 Annual,Binge Drinking - Rural,Ohio,0,9.7,0,11.3,8.2,"CDC, Behavioral Risk Factor Surveillance System",2016
2017,2017 Annual,Binge Drinking - Some College,Ohio,32,16.7,0.16,18.8,14.5,"CDC, Behavioral Risk Factor Surveillance System",2016
2017,2017 Annual,Binge Drinking - Suburban,Ohio,0,10.6,0,12.7,8.6,"CDC, Behavioral Risk Factor Surveillance System",2016
2017,2017 Annual,Binge Drinking - Urban,Ohio,0,10.2,0,12,8.4,"CDC, Behavioral Risk Factor Surveillance System",2016
2017,2017 Annual,Binge Drinking - White,Ohio,31,18.4,0.16,19.7,17.1,"CDC, Behavioral Risk Factor Surveillance System",2016
2017,2017 Annual,Cancer Deaths,Ohio,40,208.7,1.05,210.2,207.3,"CDC WONDER Online Database, Underlying Cause of Death, Multiple Cause of Death files",2013-2015
2017,2017 Annual,Cancer Deaths - American Indian/Alaska Native,Ohio,,58.1,,76,43.5,"CDC WONDER Online Database, Underlying Cause of Death, Multiple Cause of Death files",2013-2015
2017,2017 Annual,Cancer Deaths - Asian/Pacific Islander,Ohio,,100.1,,109.9,90.3,"CDC WONDER Online Database, Underlying Cause of Death, Multiple Cause of Death files",2013-2015
2017,2017 Annual,Cancer Deaths - Black/African American,Ohio,,234.6,,239.7,229.5,"CDC WONDER Online Database, Underlying Cause of Death, Multiple Cause of Death files",2013-2015
2017,2017 Annual,Cancer Deaths - Crude Rate,Ohio,44,223.6,1.14,225.2,222,"CDC WONDER Online Database, Underlying Cause of Death, Multiple Cause of Death files",2013-2015
2017,2017 Annual,Cancer Deaths - Female,Ohio,,178.7,,180.5,176.9,"CDC WONDER Online Database, Underlying Cause of Death, Multiple Cause of Death files",2013-2015
2017,2017 Annual,Cancer Deaths - Hispanic/Latino,Ohio,,110.4,,119.9,100.8,"CDC WONDER Online Database, Underlying Cause of Death, Multiple Cause of Death files",2013-2015
2017,2017 Annual,Cancer Deaths - Male,Ohio,,250.5,,252.9,248,"CDC WONDER Online Database, Underlying Cause of Death, Multiple Cause of Death files",2013-2015
2017,2017 Annual,Cancer Deaths - Standard Age Adjustment,Ohio,41,181.4,1.07,182.7,180.1,"CDC WONDER Online Database, Underlying Cause of Death, Multiple Cause of Death files",2013-2015
2017,2017 Annual,Cancer Deaths - White,Ohio,,207.7,,209.2,206.1,"CDC WONDER Online Database, Underlying Cause of Death, Multiple Cause of Death files",2013-2015
2017,2017 Annual,Cardiovascular Deaths,Ohio,39,283.6,0.76,285.3,281.9,"CDC WONDER Online Database, Underlying Cause of Death, Multiple Cause of Death files",2013-2015
2017,2017 Annual,Cardiovascular Deaths - American Indian/Alaska Native,Ohio,,95.7,,120.7,74.8,"CDC WONDER Online Database, Underlying Cause of Death, Multiple Cause of Death files",2013-2015
2017,2017 Annual,Cardiovascular Deaths - Asian/Pacific Islander,Ohio,,136.1,,149,123.3,"CDC WONDER Online Database, Underlying Cause of Death, Multiple Cause of Death files",2013-2015
2017,2017 Annual,Cardiovascular Deaths - Black/African American,Ohio,,338.9,,345.1,332.7,"CDC WONDER Online Database, Underlying Cause of Death, Multiple Cause of Death files",2013-2015
2017,2017 Annual,Cardiovascular Deaths - Female,Ohio,,236.3,,238.3,234.2,"CDC WONDER Online Database, Underlying Cause of Death, Multiple Cause of Death files",2013-2015
2017,2017 Annual,Cardiovascular Deaths - Hispanic/Latino,Ohio,,151.6,,163.1,140.1,"CDC WONDER Online Database, Underlying Cause of Death, Multiple Cause of Death files",2013-2015
2017,2017 Annual,Cardiovascular Deaths - Male,Ohio,,342.7,,345.7,339.8,"CDC WONDER Online Database, Underlying Cause of Death, Multiple Cause of Death files",2013-2015
2017,2017 Annual,Cardiovascular Deaths - White,Ohio,,278.7,,280.5,276.9,"CDC WONDER Online Database, Underlying Cause of Death, Multiple Cause of Death files",2013-2015
2017,2017 Annual,Children in Poverty,Ohio,40,21.6,0.72,25.5,17.7,"U.S. Census Bureau, Current Population Survey, Annual Social and Economic Supplement",2016
2017,2017 Annual,Children in Poverty,Ohio,33,20.5,0.19,,,"U.S. Census Bureau, American Community Survey",2016
2017,2017 Annual,Chlamydia,Ohio,35,489.3,0.1,,,"CDC, National Center for HIV/AIDS, Viral Hepatitis, STD, and TB Prevention Atlas",2015
2017,2017 Annual,Chlamydia - American Indian/Alaska Native,Ohio,,209.2,,,,"CDC, National Center for HIV/AIDS, Viral Hepatitis, STD, and TB Prevention Atlas",2015
2017,2017 Annual,Chlamydia - Asian,Ohio,,79.2,,,,"CDC, National Center for HIV/AIDS, Viral Hepatitis, STD, and TB Prevention Atlas",2015
2017,2017 Annual,Chlamydia - Black/African American,Ohio,,1400.3,,,,"CDC, National Center for HIV/AIDS, Viral Hepatitis, STD, and TB Prevention Atlas",2015
2017,2017 Annual,Chlamydia - Female,Ohio,37,672.8,0.18,,,"CDC, National Center for HIV/AIDS, Viral Hepatitis, STD, and TB Prevention Atlas",2015
2017,2017 Annual,Chlamydia - Hispanic/Latino,Ohio,,283,,,,"CDC, National Center for HIV/AIDS, Viral Hepatitis, STD, and TB Prevention Atlas",2015
2017,2017 Annual,Chlamydia - Male,Ohio,31,297.8,-0.12,,,"CDC, National Center for HIV/AIDS, Viral Hepatitis, STD, and TB Prevention Atlas",2015
2017,2017 Annual,Chlamydia - Multiracial,Ohio,,371.6,,,,AHR data,
2017,2017 Annual,Chlamydia - Native Hawaiian/ PI,Ohio,,965.6,,,,AHR data,
2017,2017 Annual,Chlamydia - White,Ohio,,187.3,,,,"CDC, National Center for HIV/AIDS, Viral Hepatitis, STD, and TB Prevention Atlas",2015
2017,2017 Annual,Cholesterol Check,Ohio,23,77.9,0.05,79.4,76.5,"CDC, Behavioral Risk Factor Surveillance System",2015
2017,2017 Annual,"Cholesterol Check - $25-$49,999",Ohio,28,80.1,-0.11,83.2,77.1,"CDC, Behavioral Risk Factor Surveillance System",2015
2017,2017 Annual,"Cholesterol Check - $50-$74,999",Ohio,18,86,0.34,89.1,83,"CDC, Behavioral Risk Factor Surveillance System",2015
2017,2017 Annual,"Cholesterol Check - $75,000 or More",Ohio,30,87.7,-0.56,90,85.4,"CDC, Behavioral Risk Factor Surveillance System",2015
2017,2017 Annual,Cholesterol Check - Ages 18-44,Ohio,26,60.5,-0.36,63.4,57.6,"CDC, Behavioral Risk Factor Surveillance System",2015
2017,2017 Annual,Cholesterol Check - Ages 45-64,Ohio,22,88.9,0.15,90.4,87.4,"CDC, Behavioral Risk Factor Surveillance System",2015
2017,2017 Annual,Cholesterol Check - Ages 65+,Ohio,28,94.8,-0.43,95.8,93.8,"CDC, Behavioral Risk Factor Surveillance System",2015
2017,2017 Annual,Cholesterol Check - American Indian/Alaskan Native,Ohio,0,93.3,0,100.2,86.3,"CDC, Behavioral Risk Factor Surveillance System",2015
2017,2017 Annual,Cholesterol Check - Asian,Ohio,0,71.3,0,84.8,57.8,"CDC, Behavioral Risk Factor Surveillance System",2015
2017,2017 Annual,Cholesterol Check - Black,Ohio,0,74.8,0,79.8,69.7,"CDC, Behavioral Risk Factor Surveillance System",2015
2017,2017 Annual,Cholesterol Check - College Grad,Ohio,24,88,-0.13,89.8,86.2,"CDC, Behavioral Risk Factor Surveillance System",2015
2017,2017 Annual,Cholesterol Check - Female,Ohio,26,80.2,-0.08,82.1,78.3,"CDC, Behavioral Risk Factor Surveillance System",2015
2017,2017 Annual,Cholesterol Check - Hawaiian/Pacific Islander,Ohio,0,,0,0,0,"CDC, Behavioral Risk Factor Surveillance System",2015
2017,2017 Annual,Cholesterol Check - High School Grad,Ohio,22,81.7,0.18,83.9,79.4,"CDC, Behavioral Risk Factor Surveillance System",2015
2017,2017 Annual,Cholesterol Check - Hispanic,Ohio,0,54.2,0,65.8,42.7,"CDC, Behavioral Risk Factor Surveillance System",2015
2017,2017 Annual,"Cholesterol Check - Less than $25,000",Ohio,31,74.6,-0.14,78,71.2,"CDC, Behavioral Risk Factor Surveillance System",2015
2017,2017 Annual,Cholesterol Check - Less than High School,Ohio,28,73,0.17,78.9,67.2,"CDC, Behavioral Risk Factor Surveillance System",2015
2017,2017 Annual,Cholesterol Check - Male,Ohio,22,75.5,0.08,77.8,73.3,"CDC, Behavioral Risk Factor Surveillance System",2015
2017,2017 Annual,Cholesterol Check - Rural,Ohio,0,84.9,0,87.1,82.8,"CDC, Behavioral Risk Factor Surveillance System",2015
2017,2017 Annual,Cholesterol Check - Some College,Ohio,34,82.7,-0.57,85.3,80.1,"CDC, Behavioral Risk Factor Surveillance System",2015
2017,2017 Annual,Cholesterol Check - Suburban,Ohio,15,88.3,0.16,90.5,86,"CDC, Behavioral Risk Factor Surveillance System",2015
2017,2017 Annual,Cholesterol Check - Urban,Ohio,24,87.5,-0.1,89.5,85.5,"CDC, Behavioral Risk Factor Surveillance System",2015
2017,2017 Annual,Cholesterol Check - White,Ohio,29,79.5,-0.39,81,77.9,"CDC, Behavioral Risk Factor Surveillance System",2015
2017,2017 Annual,Chronic Drinking,Ohio,24,6.4,-0.09,7.1,5.7,"CDC, Behavioral Risk Factor Surveillance System",2016
2017,2017 Annual,"Chronic Drinking - $25-$49,999",Ohio,27,6.4,-0.12,7.9,4.9,"CDC, Behavioral Risk Factor Surveillance System",2016
2017,2017 Annual,"Chronic Drinking - $50-$74,999",Ohio,0,6.3,0,8,4.5,"CDC, Behavioral Risk Factor Surveillance System",2016
2017,2017 Annual,"Chronic Drinking - $75,000 or More",Ohio,9,6.3,-1.02,7.6,5,"CDC, Behavioral Risk Factor Surveillance System",2016
2017,2017 Annual,Chronic Drinking - Ages 18-44,Ohio,30,7.7,0.36,9,6.4,"CDC, Behavioral Risk Factor Surveillance System",2016
2017,2017 Annual,Chronic Drinking - Ages 45-64,Ohio,25,6.7,0.08,7.8,5.6,"CDC, Behavioral Risk Factor Surveillance System",2016
2017,2017 Annual,Chronic Drinking - Ages 65+,Ohio,0,3.3,0,4,2.5,"CDC, Behavioral Risk Factor Surveillance System",2016
2017,2017 Annual,Chronic Drinking - American Indian/Alaskan Native,Ohio,0,,0,14.5,0,"CDC, Behavioral Risk Factor Surveillance System",2016
2017,2017 Annual,Chronic Drinking - Asian,Ohio,0,,0,0.1,0,"CDC, Behavioral Risk Factor Surveillance System",2016
2017,2017 Annual,Chronic Drinking - Black,Ohio,0,4.2,0,6.3,2,"CDC, Behavioral Risk Factor Surveillance System",2016
2017,2017 Annual,Chronic Drinking - College Grad,Ohio,16,5.6,-0.52,6.6,4.5,"CDC, Behavioral Risk Factor Surveillance System",2016
2017,2017 Annual,Chronic Drinking - Female,Ohio,16,5.3,-0.43,6.1,4.4,"CDC, Behavioral Risk Factor Surveillance System",2016
2017,2017 Annual,Chronic Drinking - Hawaiian/Pacific Islander,Ohio,0,,0,0,0,"CDC, Behavioral Risk Factor Surveillance System",2016
2017,2017 Annual,Chronic Drinking - High School Grad,Ohio,24,6.6,0,7.8,5.3,"CDC, Behavioral Risk Factor Surveillance System",2016
2017,2017 Annual,Chronic Drinking - Hispanic,Ohio,0,,0,11.9,1.2,"CDC, Behavioral Risk Factor Surveillance System",2016
2017,2017 Annual,"Chronic Drinking - Less Than $25,000",Ohio,34,5.4,0.39,7,3.8,"CDC, Behavioral Risk Factor Surveillance System",2016
2017,2017 Annual,Chronic Drinking - Less than High School,Ohio,0,5,0,7.7,2.4,"CDC, Behavioral Risk Factor Surveillance System",2016
2017,2017 Annual,Chronic Drinking - Male,Ohio,34,7.6,0.6,8.8,6.5,"CDC, Behavioral Risk Factor Surveillance System",2016
2017,2017 Annual,Chronic Drinking - Multiracial,Ohio,0,,0,7.5,0.1,"CDC, Behavioral Risk Factor Surveillance System",2016
2017,2017 Annual,Chronic Drinking - Other Race,Ohio,0,,0,27,0,"CDC, Behavioral Risk Factor Surveillance System",2016
2017,2017 Annual,Chronic Drinking - Rural,Ohio,0,4.2,0,5.1,3.3,"CDC, Behavioral Risk Factor Surveillance System",2016
2017,2017 Annual,Chronic Drinking - Some College,Ohio,22,6,-0.42,7.3,4.7,"CDC, Behavioral Risk Factor Surveillance System",2016
2017,2017 Annual,Chronic Drinking - Suburban,Ohio,0,4.5,0,5.9,3.2,"CDC, Behavioral Risk Factor Surveillance System",2016
2017,2017 Annual,Chronic Drinking - Urban,Ohio,0,4.7,0,5.8,3.5,"CDC, Behavioral Risk Factor Surveillance System",2016
2017,2017 Annual,Chronic Drinking - White,Ohio,22,7,-0.31,7.8,6.1,"CDC, Behavioral Risk Factor Surveillance System",2016
2017,2017 Annual,Clinical Care,Ohio,34,-0.05,-0.05,0,0,America's Health Rankings composite measure,2017
2017,2017 Annual,Colorectal Cancer Screening,Ohio,27,66.9,-0.17,68.7,65.1,"CDC, Behavioral Risk Factor Surveillance System",2016
2017,2017 Annual,"Colorectal Cancer Screening - $25-$49,999",Ohio,34,63.6,-0.54,67.4,59.9,"CDC, Behavioral Risk Factor Surveillance System",2016
2017,2017 Annual,"Colorectal Cancer Screening - $50-$74,999",Ohio,40,67.3,-0.8,72.1,62.6,"CDC, Behavioral Risk Factor Surveillance System",2016
2017,2017 Annual,"Colorectal Cancer Screening - $75,000 or More",Ohio,33,73.2,-0.35,76.4,69.9,"CDC, Behavioral Risk Factor Surveillance System",2016
2017,2017 Annual,Colorectal Cancer Screening - American Indian/Alaskan Native,Ohio,0,62.1,0,88.5,35.8,"CDC, Behavioral Risk Factor Surveillance System",2016
2017,2017 Annual,Colorectal Cancer Screening - Asian,Ohio,0,,,100.9,72.3,"CDC, Behavioral Risk Factor Surveillance System",2016
2017,2017 Annual,Colorectal Cancer Screening - Black,Ohio,0,61.3,,68.2,54.4,"CDC, Behavioral Risk Factor Surveillance System",2016
2017,2017 Annual,Colorectal Cancer Screening - College Grad,Ohio,30,74.4,-0.31,77.2,71.6,"CDC, Behavioral Risk Factor Surveillance System",2016
2017,2017 Annual,Colorectal Cancer Screening - Female,Ohio,24,69.2,-0.04,71.5,66.9,"CDC, Behavioral Risk Factor Surveillance System",2016
2017,2017 Annual,Colorectal Cancer Screening - Hawaiian/Pacific Islander,Ohio,0,,0,0,0,"CDC, Behavioral Risk Factor Surveillance System",2016
2017,2017 Annual,Colorectal Cancer Screening - High School Grad,Ohio,28,63.8,-0.16,66.8,60.8,"CDC, Behavioral Risk Factor Surveillance System",2016
2017,2017 Annual,Colorectal Cancer Screening - Hispanic,Ohio,0,68.9,0,85.5,52.2,"CDC, Behavioral Risk Factor Surveillance System",2016
2017,2017 Annual,"Colorectal Cancer Screening - Less than $25,000",Ohio,12,61.4,0.82,65.5,57.3,"CDC, Behavioral Risk Factor Surveillance System",2016
2017,2017 Annual,Colorectal Cancer Screening - Less than High School,Ohio,7,60.8,1.05,68.2,53.3,"CDC, Behavioral Risk Factor Surveillance System",2016
2017,2017 Annual,Colorectal Cancer Screening - Male,Ohio,32,64.4,-0.31,67.2,61.5,"CDC, Behavioral Risk Factor Surveillance System",2016
2017,2017 Annual,Colorectal Cancer Screening - Multiracial,Ohio,0,78.6,0,90.5,66.7,"CDC, Behavioral Risk Factor Surveillance System",2016
2017,2017 Annual,Colorectal Cancer Screening - Other Race,Ohio,0,,0,89.9,29,"CDC, Behavioral Risk Factor Surveillance System",2016
2017,2017 Annual,Colorectal Cancer Screening - Rural,Ohio,0,65.5,0,68.8,62.1,"CDC, Behavioral Risk Factor Surveillance System",2016
2017,2017 Annual,Colorectal Cancer Screening - Some College,Ohio,31,67.3,-0.53,70.6,63.9,"CDC, Behavioral Risk Factor Surveillance System",2016
2017,2017 Annual,Colorectal Cancer Screening - Suburban,Ohio,0,72,0,75.6,68.4,"CDC, Behavioral Risk Factor Surveillance System",2016
2017,2017 Annual,Colorectal Cancer Screening - Urban,Ohio,43,69.3,-0.77,72.7,65.9,"CDC, Behavioral Risk Factor Surveillance System",2016
2017,2017 Annual,Colorectal Cancer Screening - White,Ohio,33,67.2,-0.7,69.1,65.3,"CDC, Behavioral Risk Factor Surveillance System",2016
2017,2017 Annual,Community & Environment,Ohio,33,-0.024,-0.024,0,0,America's Health Rankings composite measure,2017
2017,2017 Annual,"Dedicated HC Provider - $25-$49,999",Ohio,18,81.9,0.6,84.3,79.4,"CDC, Behavioral Risk Factor Surveillance System",2016
2017,2017 Annual,"Dedicated HC Provider - $50-$74,999",Ohio,16,84.8,0.49,87.6,82,"CDC, Behavioral Risk Factor Surveillance System",2016
2017,2017 Annual,"Dedicated HC Provider - $75,000 or More",Ohio,14,89,0.57,90.9,87.1,"CDC, Behavioral Risk Factor Surveillance System",2016
2017,2017 Annual,Dedicated HC Provider - 18-44,Ohio,15,71.7,0.8,73.9,69.4,"CDC, Behavioral Risk Factor Surveillance System",2016
2017,2017 Annual,Dedicated HC Provider - 45-64,Ohio,14,89,0.77,90.4,87.6,"CDC, Behavioral Risk Factor Surveillance System",2016
2017,2017 Annual,Dedicated HC Provider - 65+,Ohio,23,95,0.22,96.1,93.9,"CDC, Behavioral Risk Factor Surveillance System",2016
2017,2017 Annual,Dedicated HC Provider - American Indian/Alaskan Native,Ohio,0,79.5,0,91.9,67.1,"CDC, Behavioral Risk Factor Surveillance System",2016
2017,2017 Annual,Dedicated HC Provider - Asian,Ohio,0,67.8,0,79,56.6,"CDC, Behavioral Risk Factor Surveillance System",2016
2017,2017 Annual,Dedicated HC Provider - Black,Ohio,0,75.7,0,80.1,71.3,"CDC, Behavioral Risk Factor Surveillance System",2016
2017,2017 Annual,Dedicated HC Provider - College Grad,Ohio,22,85.9,0.26,87.6,84.1,"CDC, Behavioral Risk Factor Surveillance System",2016
2017,2017 Annual,Dedicated HC Provider - Female,Ohio,16,87.2,0.77,88.6,85.8,"CDC, Behavioral Risk Factor Surveillance System",2016
2017,2017 Annual,Dedicated HC Provider - Hawaiian/Pacific Islander,Ohio,0,,0,107,0,"CDC, Behavioral Risk Factor Surveillance System",2016
2017,2017 Annual,Dedicated HC Provider - High School Grad,Ohio,16,83.9,0.71,85.8,82,"CDC, Behavioral Risk Factor Surveillance System",2016
2017,2017 Annual,Dedicated HC Provider - Hispanic,Ohio,0,78,0,86,69.9,"CDC, Behavioral Risk Factor Surveillance System",2016
2017,2017 Annual,"Dedicated HC Provider - Less than $25,000",Ohio,13,79.6,0.94,82.3,76.9,"CDC, Behavioral Risk Factor Surveillance System",2016
2017,2017 Annual,Dedicated HC Provider - Less than High School,Ohio,12,78.8,1.13,83.6,73.9,"CDC, Behavioral Risk Factor Surveillance System",2016
2017,2017 Annual,Dedicated HC Provider - Male,Ohio,14,77.8,0.82,79.7,75.9,"CDC, Behavioral Risk Factor Surveillance System",2016
2017,2017 Annual,Dedicated HC Provider - Multiracial,Ohio,0,75.5,0,85.4,65.5,"CDC, Behavioral Risk Factor Surveillance System",2016
2017,2017 Annual,Dedicated HC Provider - Other Race,Ohio,0,,0,80.7,36.1,"CDC, Behavioral Risk Factor Surveillance System",2016
2017,2017 Annual,Dedicated HC Provider - Rural,Ohio,0,89.8,0,91.5,88,"CDC, Behavioral Risk Factor Surveillance System",2016
2017,2017 Annual,Dedicated HC Provider - Some College,Ohio,15,86.4,0.75,88.3,84.5,"CDC, Behavioral Risk Factor Surveillance System",2016
2017,2017 Annual,Dedicated HC Provider - Suburban,Ohio,0,92.3,0,94.1,90.5,"CDC, Behavioral Risk Factor Surveillance System",2016
2017,2017 Annual,Dedicated HC Provider - Urban,Ohio,20,89.8,0.25,91.7,87.8,"CDC, Behavioral Risk Factor Surveillance System",2016
2017,2017 Annual,Dedicated HC Provider - White,Ohio,17,84.3,0.32,85.5,83.1,"CDC, Behavioral Risk Factor Surveillance System",2016
2017,2017 Annual,Dedicated Health Care Provider,Ohio,15,82.7,0.75,83.8,81.5,"CDC, Behavioral Risk Factor Surveillance System",2016
2017,2017 Annual,"Dental Visit - $25-$49,999",Ohio,19,62,0.4,64.8,59.1,"CDC, Behavioral Risk Factor Surveillance System",2016
2017,2017 Annual,"Dental Visit - $50-$74,999",Ohio,15,74.4,0.77,77.6,71.2,"CDC, Behavioral Risk Factor Surveillance System",2016
2017,2017 Annual,"Dental Visit - $75,000 or More",Ohio,12,84.7,0.97,86.6,82.8,"CDC, Behavioral Risk Factor Surveillance System",2016
2017,2017 Annual,Dental Visit - Ages 18-44,Ohio,13,67.9,0.79,70.2,65.6,"CDC, Behavioral Risk Factor Surveillance System",2016
2017,2017 Annual,Dental Visit - Ages 45-64,Ohio,23,69,0.3,71,67.1,"CDC, Behavioral Risk Factor Surveillance System",2016
2017,2017 Annual,Dental Visit - Ages 65+,Ohio,29,66.1,-0.13,68.1,64,"CDC, Behavioral Risk Factor Surveillance System",2016
2017,2017 Annual,Dental Visit - American Indian/Alaskan Native,Ohio,0,66.2,0,81.2,51.1,"CDC, Behavioral Risk Factor Surveillance System",2016
2017,2017 Annual,Dental Visit - Asian,Ohio,0,69.5,0,80.1,58.8,"CDC, Behavioral Risk Factor Surveillance System",2016
2017,2017 Annual,Dental Visit - Black,Ohio,0,62.8,0,67.3,58.2,"CDC, Behavioral Risk Factor Surveillance System",2016
2017,2017 Annual,Dental Visit - College Grad,Ohio,17,82.2,0.66,83.9,80.4,"CDC, Behavioral Risk Factor Surveillance System",2016
2017,2017 Annual,Dental Visit - Female,Ohio,15,71.8,0.6,73.5,70.1,"CDC, Behavioral Risk Factor Surveillance System",2016
2017,2017 Annual,Dental Visit - Hawaiian/Pacific Islander,Ohio,0,,0,118.1,45.6,"CDC, Behavioral Risk Factor Surveillance System",2016
2017,2017 Annual,Dental Visit - High School Grad,Ohio,15,62,0.59,64.3,59.8,"CDC, Behavioral Risk Factor Surveillance System",2016
2017,2017 Annual,Dental Visit - Hispanic,Ohio,0,65,0,74.7,55.3,"CDC, Behavioral Risk Factor Surveillance System",2016
2017,2017 Annual,"Dental Visit - Less Than $25,000",Ohio,7,52.5,1.04,55.6,49.3,"CDC, Behavioral Risk Factor Surveillance System",2016
2017,2017 Annual,Dental Visit - Less than High School,Ohio,16,45.6,0.34,51,40.1,"CDC, Behavioral Risk Factor Surveillance System",2016
2017,2017 Annual,Dental Visit - Male,Ohio,23,63.7,0.17,65.7,61.7,"CDC, Behavioral Risk Factor Surveillance System",2016
2017,2017 Annual,Dental Visit - Multiracial,Ohio,0,64.4,0,75.3,53.6,"CDC, Behavioral Risk Factor Surveillance System",2016
2017,2017 Annual,Dental Visit - Other Race,Ohio,0,,0,77.1,32.9,"CDC, Behavioral Risk Factor Surveillance System",2016
2017,2017 Annual,Dental Visit - Rural,Ohio,0,64.7,0,67.3,62,"CDC, Behavioral Risk Factor Surveillance System",2016
2017,2017 Annual,Dental Visit - Some College,Ohio,15,71.2,0.79,73.5,68.9,"CDC, Behavioral Risk Factor Surveillance System",2016
2017,2017 Annual,Dental Visit - Suburban,Ohio,0,72.6,0,75.3,70,"CDC, Behavioral Risk Factor Surveillance System",2016
2017,2017 Annual,Dental Visit - Urban,Ohio,30,70.5,0.03,73,68,"CDC, Behavioral Risk Factor Surveillance System",2016
2017,2017 Annual,Dental Visit - White,Ohio,24,69,0,70.4,67.6,"CDC, Behavioral Risk Factor Surveillance System",2016
2017,2017 Annual,"Dental Visit, Annual",Ohio,19,67.9,0.28,69.2,66.6,"CDC, Behavioral Risk Factor Surveillance System",2016
2017,2017 Annual,Dentists,Ohio,33,52,-0.83,,,American Dental Association,2016
2017,2017 Annual,Diabetes,Ohio,31,11.1,0.32,11.9,10.4,"CDC, Behavioral Risk Factor Surveillance System",2016
2017,2017 Annual,"Diabetes - $25-$49,999",Ohio,29,13.4,0.05,15.2,11.7,"CDC, Behavioral Risk Factor Surveillance System",2016
2017,2017 Annual,"Diabetes - $50-$74,999",Ohio,37,11.2,0.3,13.4,9.1,"CDC, Behavioral Risk Factor Surveillance System",2016
2017,2017 Annual,"Diabetes - $75,000 or More",Ohio,32,7.4,0.29,8.6,6.1,"CDC, Behavioral Risk Factor Surveillance System",2016
2017,2017 Annual,Diabetes - Ages 18-44,Ohio,25,2.7,-0.12,3.5,1.9,"CDC, Behavioral Risk Factor Surveillance System",2016
2017,2017 Annual,Diabetes - Ages 45-64,Ohio,35,14.6,0.1,16.1,13.1,"CDC, Behavioral Risk Factor Surveillance System",2016
2017,2017 Annual,Diabetes - Ages 65+,Ohio,28,22.8,-0.14,24.6,21,"CDC, Behavioral Risk Factor Surveillance System",2016
2017,2017 Annual,Diabetes - American Indian/Alaskan Native,Ohio,0,,0,39.9,7.7,"CDC, Behavioral Risk Factor Surveillance System",2016
2017,2017 Annual,Diabetes - Asian,Ohio,0,,0,6.5,0.4,"CDC, Behavioral Risk Factor Surveillance System",2016
2017,2017 Annual,Diabetes - Black,Ohio,0,12.4,0,15.3,9.6,"CDC, Behavioral Risk Factor Surveillance System",2016
2017,2017 Annual,Diabetes - College Grad,Ohio,34,8,0.36,9.1,7,"CDC, Behavioral Risk Factor Surveillance System",2016
2017,2017 Annual,Diabetes - Female,Ohio,32,10.7,0.1,11.7,9.7,"CDC, Behavioral Risk Factor Surveillance System",2016
2017,2017 Annual,Diabetes - Hawaiian/Pacific Islander,Ohio,0,,0,0,0,"CDC, Behavioral Risk Factor Surveillance System",2016
2017,2017 Annual,Diabetes - High School Grad,Ohio,36,14.6,0.32,16.1,13.2,"CDC, Behavioral Risk Factor Surveillance System",2016
2017,2017 Annual,Diabetes - Hispanic,Ohio,0,12.2,0,17.9,6.4,"CDC, Behavioral Risk Factor Surveillance System",2016
2017,2017 Annual,"Diabetes - Less Than $25,000",Ohio,25,17.7,-0.23,19.8,15.6,"CDC, Behavioral Risk Factor Surveillance System",2016
2017,2017 Annual,Diabetes - Less than High School,Ohio,0,18.8,0,22.5,15.1,"CDC, Behavioral Risk Factor Surveillance System",2016
2017,2017 Annual,Diabetes - Male,Ohio,34,11.6,0.27,12.7,10.4,"CDC, Behavioral Risk Factor Surveillance System",2016
2017,2017 Annual,Diabetes - Multiracial,Ohio,0,12.5,0,18.7,6.2,"CDC, Behavioral Risk Factor Surveillance System",2016
2017,2017 Annual,Diabetes - Other Race,Ohio,0,,0,8.7,0,"CDC, Behavioral Risk Factor Surveillance System",2016
2017,2017 Annual,Diabetes - Rural,Ohio,0,16.9,0,18.7,15,"CDC, Behavioral Risk Factor Surveillance System",2016
2017,2017 Annual,Diabetes - Some College,Ohio,25,11.9,-0.11,13.4,10.4,"CDC, Behavioral Risk Factor Surveillance System",2016
2017,2017 Annual,Diabetes - Suburban,Ohio,0,15.7,0,17.9,13.6,"CDC, Behavioral Risk Factor Surveillance System",2016
2017,2017 Annual,Diabetes - Urban,Ohio,31,15.7,0.22,17.5,13.8,"CDC, Behavioral Risk Factor Surveillance System",2016
2017,2017 Annual,Diabetes - White,Ohio,34,11,0.36,11.8,10.2,"CDC, Behavioral Risk Factor Surveillance System",2016
2017,2017 Annual,Disconnected Youth,Ohio,18,11.4,-0.33,,,"Measure of America, Promising Gains, Persistent Gaps Youth Disconnection in America 2018 Report",2015
2017,2017 Annual,Disparity in Health Status,Ohio,18,26.8,-0.72,,,"CDC, Behavioral Risk Factor Surveillance System",2016
2017,2017 Annual,Drug Deaths,Ohio,46,24.5,1.17,25.1,24,"CDC WONDER Online Database, Underlying Cause of Death, Multiple Cause of Death files",2013-2015
2017,2017 Annual,Drug Deaths - American Indian/Alaska Native,Ohio,,,,,,"CDC WONDER Online Database, Underlying Cause of Death, Multiple Cause of Death files",2013-2015
2017,2017 Annual,Drug Deaths - Asian/Pacific Islander,Ohio,,,,3.3,1.2,"CDC WONDER Online Database, Underlying Cause of Death, Multiple Cause of Death files",2013-2015
2017,2017 Annual,Drug Deaths - Black/African American,Ohio,,19.2,,20.5,17.9,"CDC WONDER Online Database, Underlying Cause of Death, Multiple Cause of Death files",2013-2015
2017,2017 Annual,Drug Deaths - Female,Ohio,,17,,17.6,16.4,"CDC WONDER Online Database, Underlying Cause of Death, Multiple Cause of Death files",2013-2015
2017,2017 Annual,Drug Deaths - Hispanic/Latino,Ohio,,12.1,,14.2,10,"CDC WONDER Online Database, Underlying Cause of Death, Multiple Cause of Death files",2013-2015
2017,2017 Annual,Drug Deaths - Male,Ohio,,32.2,,33.1,31.3,"CDC WONDER Online Database, Underlying Cause of Death, Multiple Cause of Death files",2013-2015
2017,2017 Annual,Drug Deaths - White,Ohio,,26.4,,27,25.8,"CDC WONDER Online Database, Underlying Cause of Death, Multiple Cause of Death files",2013-2015
2017,2017 Annual,Excessive Drinking,Ohio,30,19.1,0.21,20.3,17.9,"CDC, Behavioral Risk Factor Surveillance System",2016
2017,2017 Annual,"Excessive Drinking - $25-$49,999",Ohio,17,15.8,-0.4,18.1,13.6,"CDC, Behavioral Risk Factor Surveillance System",2016
2017,2017 Annual,"Excessive Drinking - $50-$74,999",Ohio,29,20,0.15,23.3,16.6,"CDC, Behavioral Risk Factor Surveillance System",2016
2017,2017 Annual,"Excessive Drinking - $75,000 or More",Ohio,27,22.3,0.03,24.7,19.9,"CDC, Behavioral Risk Factor Surveillance System",2016
2017,2017 Annual,Excessive Drinking - Ages 18-44,Ohio,33,28,0.7,30.3,25.7,"CDC, Behavioral Risk Factor Surveillance System",2016
2017,2017 Annual,Excessive Drinking - Ages 45-64,Ohio,22,15.7,-0.07,17.2,14.1,"CDC, Behavioral Risk Factor Surveillance System",2016
2017,2017 Annual,Excessive Drinking - Ages 65+,Ohio,19,6,-0.62,7.1,4.9,"CDC, Behavioral Risk Factor Surveillance System",2016
2017,2017 Annual,Excessive Drinking - American Indian/Alaskan Native,Ohio,0,,0,22.2,2.2,"CDC, Behavioral Risk Factor Surveillance System",2016
2017,2017 Annual,Excessive Drinking - Asian,Ohio,0,,0,28.4,6.7,"CDC, Behavioral Risk Factor Surveillance System",2016
2017,2017 Annual,Excessive Drinking - Black,Ohio,0,14.7,0,18.5,10.8,"CDC, Behavioral Risk Factor Surveillance System",2016
2017,2017 Annual,Excessive Drinking - College Grad,Ohio,26,18.3,-0.03,20.1,16.4,"CDC, Behavioral Risk Factor Surveillance System",2016
2017,2017 Annual,Excessive Drinking - Female,Ohio,26,14.1,0.07,15.5,12.6,"CDC, Behavioral Risk Factor Surveillance System",2016
2017,2017 Annual,Excessive Drinking - Hawaiian/Pacific Islander,Ohio,0,,0,0,0,"CDC, Behavioral Risk Factor Surveillance System",2016
2017,2017 Annual,Excessive Drinking - High School Grad,Ohio,21,16.9,-0.09,18.8,14.9,"CDC, Behavioral Risk Factor Surveillance System",2016
2017,2017 Annual,Excessive Drinking - Hispanic,Ohio,0,21.2,0,29.6,12.9,"CDC, Behavioral Risk Factor Surveillance System",2016
2017,2017 Annual,"Excessive Drinking - Less Than $25,000",Ohio,41,15.6,0.66,18.3,13,"CDC, Behavioral Risk Factor Surveillance System",2016
2017,2017 Annual,Excessive Drinking - Less than High School,Ohio,39,16.7,0.69,21.6,11.8,"CDC, Behavioral Risk Factor Surveillance System",2016
2017,2017 Annual,Excessive Drinking - Male,Ohio,33,24.5,0.39,26.4,22.5,"CDC, Behavioral Risk Factor Surveillance System",2016
2017,2017 Annual,Excessive Drinking - Multiracial,Ohio,0,21.4,0,31.2,11.6,"CDC, Behavioral Risk Factor Surveillance System",2016
2017,2017 Annual,Excessive Drinking - Other Race,Ohio,0,,0,48.2,4.8,"CDC, Behavioral Risk Factor Surveillance System",2016
2017,2017 Annual,Excessive Drinking - Rural,Ohio,0,10.7,0,12.3,9.1,"CDC, Behavioral Risk Factor Surveillance System",2016
2017,2017 Annual,Excessive Drinking - Some College,Ohio,29,17.9,0,20.1,15.7,"CDC, Behavioral Risk Factor Surveillance System",2016
2017,2017 Annual,Excessive Drinking - Suburban,Ohio,0,12.2,0,14.3,10,"CDC, Behavioral Risk Factor Surveillance System",2016
2017,2017 Annual,Excessive Drinking - Urban,Ohio,20,11.5,-0.28,13.4,9.6,"CDC, Behavioral Risk Factor Surveillance System",2016
2017,2017 Annual,Excessive Drinking - White,Ohio,24,19.6,-0.03,20.9,18.3,"CDC, Behavioral Risk Factor Surveillance System",2016
2017,2017 Annual,Frequent Mental Distress,Ohio,35,12.9,0.65,13.9,11.9,"CDC, Behavioral Risk Factor Surveillance System",2016
2017,2017 Annual,"Frequent Mental Distress - $25-$49,999",Ohio,23,11.4,0.16,13.3,9.4,"CDC, Behavioral Risk Factor Surveillance System",2016
2017,2017 Annual,"Frequent Mental Distress - $50-$74,999",Ohio,19,7.7,-0.42,9.5,5.8,"CDC, Behavioral Risk Factor Surveillance System",2016
2017,2017 Annual,"Frequent Mental Distress - $75,000 or More",Ohio,0,6.2,0,7.6,4.9,"CDC, Behavioral Risk Factor Surveillance System",2016
2017,2017 Annual,Frequent Mental Distress - Ages 18-44,Ohio,38,15.3,1.07,17.1,13.5,"CDC, Behavioral Risk Factor Surveillance System",2016
2017,2017 Annual,Frequent Mental Distress - Ages 45-64,Ohio,39,14,0.57,15.5,12.5,"CDC, Behavioral Risk Factor Surveillance System",2016
2017,2017 Annual,Frequent Mental Distress - Ages 65+,Ohio,11,6.2,-0.84,7.1,5.2,"CDC, Behavioral Risk Factor Surveillance System",2016
2017,2017 Annual,Frequent Mental Distress - American Indian/Alaskan Native,Ohio,0,,0,44.5,9.8,"CDC, Behavioral Risk Factor Surveillance System",2016
2017,2017 Annual,Frequent Mental Distress - Asian,Ohio,0,,0,5.9,0,"CDC, Behavioral Risk Factor Surveillance System",2016
2017,2017 Annual,Frequent Mental Distress - Black,Ohio,0,14.3,0,17.7,10.9,"CDC, Behavioral Risk Factor Surveillance System",2016
2017,2017 Annual,Frequent Mental Distress - College Grad,Ohio,24,6.7,-0.1,7.8,5.5,"CDC, Behavioral Risk Factor Surveillance System",2016
2017,2017 Annual,Frequent Mental Distress - Female,Ohio,40,15.8,1.01,17.2,14.4,"CDC, Behavioral Risk Factor Surveillance System",2016
2017,2017 Annual,Frequent Mental Distress - Hawaiian/Pacific Islander,Ohio,0,,0,0,0,"CDC, Behavioral Risk Factor Surveillance System",2016
2017,2017 Annual,Frequent Mental Distress - High School Grad,Ohio,33,13.3,0.47,14.9,11.7,"CDC, Behavioral Risk Factor Surveillance System",2016
2017,2017 Annual,Frequent Mental Distress - Hispanic,Ohio,0,20.1,0,29.6,10.7,"CDC, Behavioral Risk Factor Surveillance System",2016
2017,2017 Annual,"Frequent Mental Distress - Less than $25,000",Ohio,45,25.7,1.71,28.5,22.8,"CDC, Behavioral Risk Factor Surveillance System",2016
2017,2017 Annual,Frequent Mental Distress - Less than High School,Ohio,0,25.1,0,30,20.3,"CDC, Behavioral Risk Factor Surveillance System",2016
2017,2017 Annual,Frequent Mental Distress - Male,Ohio,28,9.8,0.06,11.2,8.5,"CDC, Behavioral Risk Factor Surveillance System",2016
2017,2017 Annual,Frequent Mental Distress - Multiracial,Ohio,0,21.8,0,31.5,12.1,"CDC, Behavioral Risk Factor Surveillance System",2016
2017,2017 Annual,Frequent Mental Distress - Other Race,Ohio,0,,0,6.3,0,"CDC, Behavioral Risk Factor Surveillance System",2016
2017,2017 Annual,Frequent Mental Distress - Rural,Ohio,0,11.2,0,12.9,9.4,"CDC, Behavioral Risk Factor Surveillance System",2016
2017,2017 Annual,Frequent Mental Distress - Some College,Ohio,37,13,0.48,14.8,11.2,"CDC, Behavioral Risk Factor Surveillance System",2016
2017,2017 Annual,Frequent Mental Distress - Suburban,Ohio,0,10.2,0,12.1,8.2,"CDC, Behavioral Risk Factor Surveillance System",2016
2017,2017 Annual,Frequent Mental Distress - Urban,Ohio,34,11.1,0.38,13,9.3,"CDC, Behavioral Risk Factor Surveillance System",2016
2017,2017 Annual,Frequent Mental Distress - White,Ohio,31,12.5,0.35,13.5,11.5,"CDC, Behavioral Risk Factor Surveillance System",2016
2017,2017 Annual,Frequent Physical Distress,Ohio,34,12.9,0.57,13.8,12,"CDC, Behavioral Risk Factor Surveillance System",2016
2017,2017 Annual,"Frequent Physical Distress - $25-$49,999",Ohio,26,13,0.17,15,11.1,"CDC, Behavioral Risk Factor Surveillance System",2016
2017,2017 Annual,"Frequent Physical Distress - $50-$74,999",Ohio,19,8.3,-0.39,10.2,6.3,"CDC, Behavioral Risk Factor Surveillance System",2016
2017,2017 Annual,"Frequent Physical Distress - $75,000 or More",Ohio,22,5.6,-0.29,6.8,4.4,"CDC, Behavioral Risk Factor Surveillance System",2016
2017,2017 Annual,Frequent Physical Distress - Ages 18-44,Ohio,41,8.7,1.14,10.1,7.3,"CDC, Behavioral Risk Factor Surveillance System",2016
2017,2017 Annual,Frequent Physical Distress - Ages 45-64,Ohio,30,16.2,0.09,17.7,14.6,"CDC, Behavioral Risk Factor Surveillance System",2016
2017,2017 Annual,Frequent Physical Distress - Ages 65+,Ohio,26,16.3,-0.22,17.9,14.6,"CDC, Behavioral Risk Factor Surveillance System",2016
2017,2017 Annual,Frequent Physical Distress - American Indian/Alaskan Native,Ohio,0,,0,30,3.2,"CDC, Behavioral Risk Factor Surveillance System",2016
2017,2017 Annual,Frequent Physical Distress - Asian,Ohio,0,,0,3.7,0,"CDC, Behavioral Risk Factor Surveillance System",2016
2017,2017 Annual,Frequent Physical Distress - Black,Ohio,0,14.4,0,17.5,11.3,"CDC, Behavioral Risk Factor Surveillance System",2016
2017,2017 Annual,Frequent Physical Distress - College Grad,Ohio,15,6,-0.54,7.1,5,"CDC, Behavioral Risk Factor Surveillance System",2016
2017,2017 Annual,Frequent Physical Distress - Female,Ohio,33,13.9,0.32,15.1,12.7,"CDC, Behavioral Risk Factor Surveillance System",2016
2017,2017 Annual,Frequent Physical Distress - Hawaiian/Pacific Islander,Ohio,0,,0,0,0,"CDC, Behavioral Risk Factor Surveillance System",2016
2017,2017 Annual,Frequent Physical Distress - High School Grad,Ohio,38,16.7,0.74,18.4,15,"CDC, Behavioral Risk Factor Surveillance System",2016
2017,2017 Annual,Frequent Physical Distress - Hispanic,Ohio,0,15.4,0,22.4,8.3,"CDC, Behavioral Risk Factor Surveillance System",2016
2017,2017 Annual,"Frequent Physical Distress - Less than $25,000",Ohio,40,28.7,1.19,31.5,25.8,"CDC, Behavioral Risk Factor Surveillance System",2016
2017,2017 Annual,Frequent Physical Distress - Less than High School,Ohio,40,27.5,0.98,32.3,22.7,"CDC, Behavioral Risk Factor Surveillance System",2016
2017,2017 Annual,Frequent Physical Distress - Male,Ohio,35,11.8,0.43,13.1,10.5,"CDC, Behavioral Risk Factor Surveillance System",2016
2017,2017 Annual,Frequent Physical Distress - Multiracial,Ohio,0,22.5,0,31.6,13.4,"CDC, Behavioral Risk Factor Surveillance System",2016
2017,2017 Annual,Frequent Physical Distress - Other Race,Ohio,0,,0,20.2,0,"CDC, Behavioral Risk Factor Surveillance System",2016
2017,2017 Annual,Frequent Physical Distress - Rural,Ohio,0,17.5,0,19.6,15.4,"CDC, Behavioral Risk Factor Surveillance System",2016
2017,2017 Annual,Frequent Physical Distress - Some College,Ohio,25,13.2,-0.15,14.9,11.6,"CDC, Behavioral Risk Factor Surveillance System",2016
2017,2017 Annual,Frequent Physical Distress - Suburban,Ohio,0,14.1,0,16.2,11.9,"CDC, Behavioral Risk Factor Surveillance System",2016
2017,2017 Annual,Frequent Physical Distress - Urban,Ohio,39,16.2,0.74,18.3,14.1,"CDC, Behavioral Risk Factor Surveillance System",2016
2017,2017 Annual,Frequent Physical Distress - White,Ohio,32,12.6,0.13,13.6,11.6,"CDC, Behavioral Risk Factor Surveillance System",2016
2017,2017 Annual,Fruits,Ohio,12,1.26,-0.33,1.3,1.23,"CDC, Behavioral Risk Factor Surveillance System",2015
2017,2017 Annual,Heart Attack,Ohio,33,5,0.62,5.6,4.5,"CDC, Behavioral Risk Factor Surveillance System",2016
2017,2017 Annual,"Heart Attack - $25-$49,999",Ohio,32,6.2,0.55,7.5,5,"CDC, Behavioral Risk Factor Surveillance System",2016
2017,2017 Annual,"Heart Attack - $50-$74,999",Ohio,0,2.8,0,3.7,1.9,"CDC, Behavioral Risk Factor Surveillance System",2016
2017,2017 Annual,"Heart Attack - $75,000 or More",Ohio,0,2.2,0,2.9,1.6,"CDC, Behavioral Risk Factor Surveillance System",2016
2017,2017 Annual,Heart Attack - Ages 18-44,Ohio,0,1,0,1.6,0.5,"CDC, Behavioral Risk Factor Surveillance System",2016
2017,2017 Annual,Heart Attack - Ages 45-64,Ohio,38,5.8,0.64,6.8,4.8,"CDC, Behavioral Risk Factor Surveillance System",2016
2017,2017 Annual,Heart Attack - Ages 65+,Ohio,31,12,0.29,13.4,10.5,"CDC, Behavioral Risk Factor Surveillance System",2016
2017,2017 Annual,Heart Attack - American Indian/Alaskan Native,Ohio,0,,0,23.7,1,"CDC, Behavioral Risk Factor Surveillance System",2016
2017,2017 Annual,Heart Attack - Asian,Ohio,0,,0,0,0,"CDC, Behavioral Risk Factor Surveillance System",2016
2017,2017 Annual,Heart Attack - Black,Ohio,0,4.2,0,5.8,2.5,"CDC, Behavioral Risk Factor Surveillance System",2016
2017,2017 Annual,Heart Attack - College Grad,Ohio,28,2.8,0.33,3.3,2.2,"CDC, Behavioral Risk Factor Surveillance System",2016
2017,2017 Annual,Heart Attack - Female,Ohio,31,3.4,0.35,3.9,2.9,"CDC, Behavioral Risk Factor Surveillance System",2016
2017,2017 Annual,Heart Attack - Hawaiian/Pacific Islander,Ohio,0,,0,0,0,"CDC, Behavioral Risk Factor Surveillance System",2016
2017,2017 Annual,Heart Attack - High School Grad,Ohio,36,6.7,0.89,7.7,5.6,"CDC, Behavioral Risk Factor Surveillance System",2016
2017,2017 Annual,Heart Attack - Hispanic,Ohio,0,,0,2.6,0.2,"CDC, Behavioral Risk Factor Surveillance System",2016
2017,2017 Annual,"Heart Attack - Less Than $25,000",Ohio,44,10.2,1.33,11.9,8.4,"CDC, Behavioral Risk Factor Surveillance System",2016
2017,2017 Annual,Heart Attack - Less than High School,Ohio,0,12.5,0,15.8,9.2,"CDC, Behavioral Risk Factor Surveillance System",2016
2017,2017 Annual,Heart Attack - Male,Ohio,41,6.8,0.98,7.7,5.8,"CDC, Behavioral Risk Factor Surveillance System",2016
2017,2017 Annual,Heart Attack - Multiracial,Ohio,0,,0,8.5,0,"CDC, Behavioral Risk Factor Surveillance System",2016
2017,2017 Annual,Heart Attack - Other Race,Ohio,0,,0,3,0,"CDC, Behavioral Risk Factor Surveillance System",2016
2017,2017 Annual,Heart Attack - Rural,Ohio,0,8.9,0,10.5,7.3,"CDC, Behavioral Risk Factor Surveillance System",2016
2017,2017 Annual,Heart Attack - Some College,Ohio,15,4.5,-0.35,5.4,3.5,"CDC, Behavioral Risk Factor Surveillance System",2016
2017,2017 Annual,Heart Attack - Suburban,Ohio,0,6.9,0,8.3,5.5,"CDC, Behavioral Risk Factor Surveillance System",2016
2017,2017 Annual,Heart Attack - Urban,Ohio,0,5.9,0,6.9,4.8,"CDC, Behavioral Risk Factor Surveillance System",2016
2017,2017 Annual,Heart Attack - White,Ohio,33,5.3,0.38,5.9,4.7,"CDC, Behavioral Risk Factor Surveillance System",2016
2017,2017 Annual,Heart Disease,Ohio,39,4.9,0.76,5.4,4.4,"CDC, Behavioral Risk Factor Surveillance System",2016
2017,2017 Annual,"Heart Disease - $25-$49,999",Ohio,36,5.8,0.33,6.9,4.7,"CDC, Behavioral Risk Factor Surveillance System",2016
2017,2017 Annual,"Heart Disease - $50-$74,999",Ohio,20,3.9,-0.1,5,2.8,"CDC, Behavioral Risk Factor Surveillance System",2016
2017,2017 Annual,"Heart Disease - $75,000 or More",Ohio,26,3,0.13,3.7,2.2,"CDC, Behavioral Risk Factor Surveillance System",2016
2017,2017 Annual,Heart Disease - Ages 18-44,Ohio,0,,0,1.3,0.3,"CDC, Behavioral Risk Factor Surveillance System",2016
2017,2017 Annual,Heart Disease - Ages 45-64,Ohio,33,4.9,0.2,5.8,4.1,"CDC, Behavioral Risk Factor Surveillance System",2016
2017,2017 Annual,Heart Disease - Ages 65+,Ohio,39,13.4,0.68,15,11.9,"CDC, Behavioral Risk Factor Surveillance System",2016
2017,2017 Annual,Heart Disease - American Indian/Alaskan Native,Ohio,0,,0,33.3,2.8,"CDC, Behavioral Risk Factor Surveillance System",2016
2017,2017 Annual,Heart Disease - Asian,Ohio,0,,0,0.3,0,"CDC, Behavioral Risk Factor Surveillance System",2016
2017,2017 Annual,Heart Disease - Black,Ohio,0,3.2,0,4.4,2,"CDC, Behavioral Risk Factor Surveillance System",2016
2017,2017 Annual,Heart Disease - College Grad,Ohio,22,3.2,-0.14,3.8,2.5,"CDC, Behavioral Risk Factor Surveillance System",2016
2017,2017 Annual,Heart Disease - Female,Ohio,36,3.9,0.38,4.5,3.3,"CDC, Behavioral Risk Factor Surveillance System",2016
2017,2017 Annual,Heart Disease - Hawaiian/Pacific Islander,Ohio,0,,0,0,0,"CDC, Behavioral Risk Factor Surveillance System",2016
2017,2017 Annual,Heart Disease - High School Grad,Ohio,36,6.2,0.58,7.1,5.3,"CDC, Behavioral Risk Factor Surveillance System",2016
2017,2017 Annual,Heart Disease - Hispanic,Ohio,0,,0,3,0.1,"CDC, Behavioral Risk Factor Surveillance System",2016
2017,2017 Annual,"Heart Disease - Less Than $25,000",Ohio,41,8.9,1.02,10.6,7.2,"CDC, Behavioral Risk Factor Surveillance System",2016
2017,2017 Annual,Heart Disease - Less than High School,Ohio,0,11.6,0,14.8,8.3,"CDC, Behavioral Risk Factor Surveillance System",2016
2017,2017 Annual,Heart Disease - Male,Ohio,37,6,0.76,6.9,5.2,"CDC, Behavioral Risk Factor Surveillance System",2016
2017,2017 Annual,Heart Disease - Multiracial,Ohio,0,,0,4,0,"CDC, Behavioral Risk Factor Surveillance System",2016
2017,2017 Annual,Heart Disease - Other Race,Ohio,0,,0,20,0,"CDC, Behavioral Risk Factor Surveillance System",2016
2017,2017 Annual,Heart Disease - Rural,Ohio,0,8.1,0,9.5,6.8,"CDC, Behavioral Risk Factor Surveillance System",2016
2017,2017 Annual,Heart Disease - Some College,Ohio,24,4.7,-0.27,5.7,3.8,"CDC, Behavioral Risk Factor Surveillance System",2016
2017,2017 Annual,Heart Disease - Suburban,Ohio,0,7.3,0,8.7,5.9,"CDC, Behavioral Risk Factor Surveillance System",2016
2017,2017 Annual,Heart Disease - Urban,Ohio,0,6.6,0,7.8,5.4,"CDC, Behavioral Risk Factor Surveillance System",2016
2017,2017 Annual,Heart Disease - White,Ohio,36,5.3,0.27,5.9,4.7,"CDC, Behavioral Risk Factor Surveillance System",2016
2017,2017 Annual,High Blood Pressure,Ohio,38,34.3,0.81,35.6,32.9,"CDC, Behavioral Risk Factor Surveillance System",2015
2017,2017 Annual,"High Blood Pressure - $25-$49,999",Ohio,30,39.6,0.42,42.6,36.5,"CDC, Behavioral Risk Factor Surveillance System",2015
2017,2017 Annual,"High Blood Pressure - $50-$74,999",Ohio,39,35.8,0.55,39.5,32.2,"CDC, Behavioral Risk Factor Surveillance System",2015
2017,2017 Annual,"High Blood Pressure - $75,000 or More",Ohio,29,28.4,0.15,31,25.9,"CDC, Behavioral Risk Factor Surveillance System",2015
2017,2017 Annual,High Blood Pressure - Ages 18-44,Ohio,37,15.2,0.6,17.1,13.2,"CDC, Behavioral Risk Factor Surveillance System",2015
2017,2017 Annual,High Blood Pressure - Ages 45-64,Ohio,36,41.9,0.31,44.1,39.7,"CDC, Behavioral Risk Factor Surveillance System",2015
2017,2017 Annual,High Blood Pressure - Ages 65+,Ohio,34,62,0.09,64.2,59.9,"CDC, Behavioral Risk Factor Surveillance System",2015
2017,2017 Annual,High Blood Pressure - American Indian/Alaskan Native,Ohio,0,41.7,0,69.8,13.6,"CDC, Behavioral Risk Factor Surveillance System",2015
2017,2017 Annual,High Blood Pressure - Asian,Ohio,0,11.9,0,19.9,3.9,"CDC, Behavioral Risk Factor Surveillance System",2015
2017,2017 Annual,High Blood Pressure - Black,Ohio,0,40.3,0,45.4,35.3,"CDC, Behavioral Risk Factor Surveillance System",2015
2017,2017 Annual,High Blood Pressure - College Grad,Ohio,27,28.1,0.25,30.2,26,"CDC, Behavioral Risk Factor Surveillance System",2015
2017,2017 Annual,High Blood Pressure - Female,Ohio,32,31.1,0.19,32.7,29.4,"CDC, Behavioral Risk Factor Surveillance System",2015
2017,2017 Annual,High Blood Pressure - Hawaiian/Pacific Islander,Ohio,0,,0,0,0,"CDC, Behavioral Risk Factor Surveillance System",2015
2017,2017 Annual,High Blood Pressure - High School Grad,Ohio,36,42.8,0.46,45.2,40.3,"CDC, Behavioral Risk Factor Surveillance System",2015
2017,2017 Annual,High Blood Pressure - Hispanic,Ohio,0,19,0,27.3,10.6,"CDC, Behavioral Risk Factor Surveillance System",2015
2017,2017 Annual,"High Blood Pressure - Less than $25,000",Ohio,37,46.7,0.7,50.1,43.3,"CDC, Behavioral Risk Factor Surveillance System",2015
2017,2017 Annual,High Blood Pressure - Less than High School,Ohio,29,47.1,0.55,52.8,41.4,"CDC, Behavioral Risk Factor Surveillance System",2015
2017,2017 Annual,High Blood Pressure - Male,Ohio,40,37.8,1.06,39.9,35.6,"CDC, Behavioral Risk Factor Surveillance System",2015
2017,2017 Annual,High Blood Pressure - Rural,Ohio,0,41.9,0,44.3,39.5,"CDC, Behavioral Risk Factor Surveillance System",2015
2017,2017 Annual,High Blood Pressure - Some College,Ohio,35,37.3,0.38,39.9,34.6,"CDC, Behavioral Risk Factor Surveillance System",2015
2017,2017 Annual,High Blood Pressure - Suburban,Ohio,28,39.6,-0.09,42.7,36.5,"CDC, Behavioral Risk Factor Surveillance System",2015
2017,2017 Annual,High Blood Pressure - Urban,Ohio,33,43.5,0.59,45.8,41.1,"CDC, Behavioral Risk Factor Surveillance System",2015
2017,2017 Annual,High Blood Pressure - White,Ohio,35,34.5,0.27,35.9,33,"CDC, Behavioral Risk Factor Surveillance System",2015
2017,2017 Annual,High Cholesterol,Ohio,28,36.7,0.17,38.1,35.2,"CDC, Behavioral Risk Factor Surveillance System",2015
2017,2017 Annual,High Health Status,Ohio,29,50.7,-0.14,52,49.3,"CDC, Behavioral Risk Factor Surveillance System",2016
2017,2017 Annual,"High Health Status - $25-$49,999",Ohio,22,45,0.3,47.9,42.1,"CDC, Behavioral Risk Factor Surveillance System",2016
2017,2017 Annual,"High Health Status - $50-$74,999",Ohio,13,58.5,0.59,62.1,55,"CDC, Behavioral Risk Factor Surveillance System",2016
2017,2017 Annual,"High Health Status - $75,000 or More",Ohio,27,68.3,0.08,70.7,65.8,"CDC, Behavioral Risk Factor Surveillance System",2016
2017,2017 Annual,High Health Status - Ages 18-44,Ohio,13,59.7,0.66,62.1,57.2,"CDC, Behavioral Risk Factor Surveillance System",2016
2017,2017 Annual,High Health Status - Ages 45-64,Ohio,36,45,-0.26,47,42.9,"CDC, Behavioral Risk Factor Surveillance System",2016
2017,2017 Annual,High Health Status - Ages 65+,Ohio,33,41.3,-0.12,43.4,39.2,"CDC, Behavioral Risk Factor Surveillance System",2016
2017,2017 Annual,High Health Status - American Indian/Alaskan Native,Ohio,0,34.6,0,49.3,20,"CDC, Behavioral Risk Factor Surveillance System",2016
2017,2017 Annual,High Health Status - Asian,Ohio,0,68.3,0,79.8,56.8,"CDC, Behavioral Risk Factor Surveillance System",2016
2017,2017 Annual,High Health Status - Black,Ohio,0,42.5,0,47.1,37.8,"CDC, Behavioral Risk Factor Surveillance System",2016
2017,2017 Annual,High Health Status - College Grad,Ohio,20,67.8,0.28,69.9,65.8,"CDC, Behavioral Risk Factor Surveillance System",2016
2017,2017 Annual,High Health Status - Female,Ohio,29,50.3,0.08,52.2,48.5,"CDC, Behavioral Risk Factor Surveillance System",2016
2017,2017 Annual,High Health Status - Hawaiian/Pacific Islander,Ohio,0,,0,118.1,45.6,"CDC, Behavioral Risk Factor Surveillance System",2016
2017,2017 Annual,High Health Status - High School Grad,Ohio,31,41.6,0.03,43.9,39.2,"CDC, Behavioral Risk Factor Surveillance System",2016
2017,2017 Annual,High Health Status - Hispanic,Ohio,0,44.2,0,54.2,34.3,"CDC, Behavioral Risk Factor Surveillance System",2016
2017,2017 Annual,"High Health Status - Less than $25,000",Ohio,16,29.4,0.43,32.3,26.4,"CDC, Behavioral Risk Factor Surveillance System",2016
2017,2017 Annual,High Health Status - Less than High School,Ohio,16,25.9,0.67,31,20.8,"CDC, Behavioral Risk Factor Surveillance System",2016
2017,2017 Annual,High Health Status - Male,Ohio,30,51,-0.1,53.1,49,"CDC, Behavioral Risk Factor Surveillance System",2016
2017,2017 Annual,High Health Status - Multiracial,Ohio,0,35.5,0,46.5,24.6,"CDC, Behavioral Risk Factor Surveillance System",2016
2017,2017 Annual,High Health Status - Other Race,Ohio,0,,0,83.2,41.6,"CDC, Behavioral Risk Factor Surveillance System",2016
2017,2017 Annual,High Health Status - Rural,Ohio,0,44.2,0,46.8,41.6,"CDC, Behavioral Risk Factor Surveillance System",2016
2017,2017 Annual,High Health Status - Some College,Ohio,29,51,0.05,53.6,48.3,"CDC, Behavioral Risk Factor Surveillance System",2016
2017,2017 Annual,High Health Status - Suburban,Ohio,0,49.1,0,52.1,46.1,"CDC, Behavioral Risk Factor Surveillance System",2016
2017,2017 Annual,High Health Status - Urban,Ohio,33,47.3,-0.16,50,44.6,"CDC, Behavioral Risk Factor Surveillance System",2016
2017,2017 Annual,High Health Status - White,Ohio,39,52.1,-0.58,53.6,50.6,"CDC, Behavioral Risk Factor Surveillance System",2016
2017,2017 Annual,High School Graduation,Ohio,34,80.7,-0.48,,,"U.S. Department of Education, National Center for Education Statistics",2014-2015
2017,2017 Annual,High School Graduation - American Indian/Alaska Native,Ohio,,75,,,,"U.S. Department of Education, National Center for Education Statistics",2014-2015
2017,2017 Annual,High School Graduation - Asian/Pacific Islander,Ohio,,86,,,,"U.S. Department of Education, National Center for Education Statistics",2014-2015
2017,2017 Annual,High School Graduation - Black,Ohio,,59.7,,,,"U.S. Department of Education, National Center for Education Statistics",2014-2015
2017,2017 Annual,High School Graduation - Hispanic,Ohio,,69.9,,,,"U.S. Department of Education, National Center for Education Statistics",2014-2015
2017,2017 Annual,High School Graduation - White,Ohio,,85.7,,,,"U.S. Department of Education, National Center for Education Statistics",2014-2015
2017,2017 Annual,HPV Immunization Females,Ohio,40,42.5,-0.77,51.9,33.7,"CDC, National Immunization Survey-Teen",2016
2017,2017 Annual,HPV Immunization Females - Above Poverty,Ohio,,41.3,,51.9,31.5,AHR data,
2017,2017 Annual,HPV Immunization Females - Below Poverty,Ohio,,53.6,,74.1,31.9,AHR data,
2017,2017 Annual,HPV Immunization Females - Black,Ohio,,,,,,AHR data,
2017,2017 Annual,HPV Immunization Females - Hispanic,Ohio,,,,,,AHR data,
2017,2017 Annual,HPV Immunization Females - White,Ohio,,37.5,,48.1,28,AHR data,
2017,2017 Annual,HPV Immunization Males,Ohio,21,41.1,0.39,51,31.9,"CDC, National Immunization Survey-Teen",2016
2017,2017 Annual,HPV Immunization Males - Above Poverty,Ohio,,38.1,,48.8,28.4,"CDC, National Immunization Survey-Teen",2016
2017,2017 Annual,HPV Immunization Males - Below Poverty,Ohio,,,,,,"CDC, National Immunization Survey-Teen",2016
2017,2017 Annual,HPV Immunization Males - Black,Ohio,,,,,,"CDC, National Immunization Survey-Teen",2016
2017,2017 Annual,HPV Immunization Males - Hispanic,Ohio,,,,,,"CDC, National Immunization Survey-Teen",2016
2017,2017 Annual,HPV Immunization Males - White,Ohio,,35.6,,46.7,25.8,"CDC, National Immunization Survey-Teen",2016
2017,2017 Annual,Immunization HPV Females,Ohio,35,38.3,-0.52,47.6,29.8,"CDC, National Immunization Survey-Teen",2016
2017,2017 Annual,Immunization HPV Males,Ohio,12,37.9,0.7,47.8,28.9,"CDC, National Immunization Survey-Teen",2016
2017,2017 Annual,Immunizations - Adolescents,Ohio,20,0.06,0.06,,,America's Health Rankings composite measure,2017
2017,2017 Annual,Immunizations - Children,Ohio,38,68,-0.52,75.1,60,"CDC, National Immunization Survey-Child",2016
2017,2017 Annual,Income Disparity Ratio,Ohio,28,4.73,-0.458,0,0,"U.S. Census Bureau, American Community Survey",2016
2017,2017 Annual,Income Inequality - Gini Index,Ohio,26,0.468,,,,"U.S. Census Bureau, American Community Survey",2016
2017,2017 Annual,Infant Mortality,Ohio,40,7,0.96,,,AHR data,
2017,2017 Annual,Infectious Disease,Ohio,20,-0.21,-0.21,,,America's Health Rankings composite measure,2017
2017,2017 Annual,Injury Deaths,Ohio,30,72.1,0.65,73,71.2,"CDC WONDER Online Database, Underlying Cause of Death, Multiple Cause of Death files",2013-2015
2017,2017 Annual,Injury Deaths - Ages 15-24,Ohio,,54,,56.1,51.9,"CDC WONDER Online Database, Underlying Cause of Death, Multiple Cause of Death files",2013-2015
2017,2017 Annual,Injury Deaths - Ages 25-34,Ohio,,92.8,,95.7,90,"CDC WONDER Online Database, Underlying Cause of Death, Multiple Cause of Death files",2013-2015
2017,2017 Annual,Injury Deaths - Ages 35-44,Ohio,,90,,92.9,87.2,"CDC WONDER Online Database, Underlying Cause of Death, Multiple Cause of Death files",2013-2015
2017,2017 Annual,Injury Deaths - Ages 45-54,Ohio,,87.4,,90,84.7,"CDC WONDER Online Database, Underlying Cause of Death, Multiple Cause of Death files",2013-2015
2017,2017 Annual,Injury Deaths - Ages 5-14,Ohio,,5.8,,6.5,5.1,"CDC WONDER Online Database, Underlying Cause of Death, Multiple Cause of Death files",2013-2015
2017,2017 Annual,Injury Deaths - Ages 55-64,Ohio,,70.7,,73.1,68.3,"CDC WONDER Online Database, Underlying Cause of Death, Multiple Cause of Death files",2013-2015
2017,2017 Annual,Injury Deaths - Ages 65-74,Ohio,,62.7,,65.5,59.8,"CDC WONDER Online Database, Underlying Cause of Death, Multiple Cause of Death files",2013-2015
2017,2017 Annual,Injury Deaths - American Indian/Alaskan Native,Ohio,,,,19.5,6.4,"CDC WONDER Online Database, Underlying Cause of Death, Multiple Cause of Death files",2013-2015
2017,2017 Annual,Injury Deaths - Asian/Pacific Islander,Ohio,,28.9,,33.8,24.1,"CDC WONDER Online Database, Underlying Cause of Death, Multiple Cause of Death files",2013-2015
2017,2017 Annual,Injury Deaths - Black,Ohio,,75.7,,78.3,73.1,"CDC WONDER Online Database, Underlying Cause of Death, Multiple Cause of Death files",2013-2015
2017,2017 Annual,Injury Deaths - Female,Ohio,,43.8,,44.7,42.8,"CDC WONDER Online Database, Underlying Cause of Death, Multiple Cause of Death files",2013-2015
2017,2017 Annual,Injury Deaths - Hispanic,Ohio,,41.2,,45.8,36.7,"CDC WONDER Online Database, Underlying Cause of Death, Multiple Cause of Death files",2013-2015
2017,2017 Annual,Injury Deaths - Male,Ohio,,100.6,,102.1,99.1,"CDC WONDER Online Database, Underlying Cause of Death, Multiple Cause of Death files",2013-2015
2017,2017 Annual,Injury Deaths - White,Ohio,,72.4,,73.4,71.5,"CDC WONDER Online Database, Underlying Cause of Death, Multiple Cause of Death files",2013-2015
2017,2017 Annual,Insufficient Sleep,Ohio,45,38,1.13,39.3,36.6,"CDC, Behavioral Risk Factor Surveillance System",2016
2017,2017 Annual,"Insufficient Sleep - $25-$49,999",Ohio,44,39.3,0.86,42.2,36.5,"CDC, Behavioral Risk Factor Surveillance System",2016
2017,2017 Annual,"Insufficient Sleep - $50-$74,999",Ohio,39,36,0.38,39.5,32.5,"CDC, Behavioral Risk Factor Surveillance System",2016
2017,2017 Annual,"Insufficient Sleep - $75,000 or More",Ohio,31,31.7,0.07,34.2,29.2,"CDC, Behavioral Risk Factor Surveillance System",2016
2017,2017 Annual,Insufficient Sleep - Ages 18-44,Ohio,41,40.6,1.09,43.1,38.2,"CDC, Behavioral Risk Factor Surveillance System",2016
2017,2017 Annual,Insufficient Sleep - Ages 45-64,Ohio,46,41.1,1.05,43.2,39.1,"CDC, Behavioral Risk Factor Surveillance System",2016
2017,2017 Annual,Insufficient Sleep - Ages 65+,Ohio,35,27.2,0.16,29.1,25.4,"CDC, Behavioral Risk Factor Surveillance System",2016
2017,2017 Annual,Insufficient Sleep - American Indian/Alaskan Native,Ohio,0,58.4,0,73.8,42.9,"CDC, Behavioral Risk Factor Surveillance System",2016
2017,2017 Annual,Insufficient Sleep - Asian,Ohio,0,39.7,0,52,27.5,"CDC, Behavioral Risk Factor Surveillance System",2016
2017,2017 Annual,Insufficient Sleep - Black,Ohio,0,48,0,52.7,43.3,"CDC, Behavioral Risk Factor Surveillance System",2016
2017,2017 Annual,Insufficient Sleep - College Grad,Ohio,31,29.6,0.05,31.7,27.5,"CDC, Behavioral Risk Factor Surveillance System",2016
2017,2017 Annual,Insufficient Sleep - Female,Ohio,37,36.5,0.58,38.3,34.7,"CDC, Behavioral Risk Factor Surveillance System",2016
2017,2017 Annual,Insufficient Sleep - Hawaiian/Pacific Islander,Ohio,0,,0,0,0,"CDC, Behavioral Risk Factor Surveillance System",2016
2017,2017 Annual,Insufficient Sleep - High School Grad,Ohio,47,41.2,1.12,43.5,38.9,"CDC, Behavioral Risk Factor Surveillance System",2016
2017,2017 Annual,Insufficient Sleep - Hispanic,Ohio,0,36,0,45.6,26.4,"CDC, Behavioral Risk Factor Surveillance System",2016
2017,2017 Annual,"Insufficient Sleep - Less Than $25,000",Ohio,50,49.5,2,52.7,46.4,"CDC, Behavioral Risk Factor Surveillance System",2016
2017,2017 Annual,Insufficient Sleep - Less than High School,Ohio,46,47.3,1.8,52.8,41.9,"CDC, Behavioral Risk Factor Surveillance System",2016
2017,2017 Annual,Insufficient Sleep - Male,Ohio,48,39.5,1.27,41.6,37.5,"CDC, Behavioral Risk Factor Surveillance System",2016
2017,2017 Annual,Insufficient Sleep - Multiracial,Ohio,0,45.3,0,56.7,33.9,"CDC, Behavioral Risk Factor Surveillance System",2016
2017,2017 Annual,Insufficient Sleep - Other Race,Ohio,0,,0,57.2,13.5,"CDC, Behavioral Risk Factor Surveillance System",2016
2017,2017 Annual,Insufficient Sleep - Rural,Ohio,0,37,0,39.5,34.4,"CDC, Behavioral Risk Factor Surveillance System",2016
2017,2017 Annual,Insufficient Sleep - Some College,Ohio,38,39.7,0.54,42.3,37.1,"CDC, Behavioral Risk Factor Surveillance System",2016
2017,2017 Annual,Insufficient Sleep - Suburban,Ohio,0,34.2,0,37.2,31.3,"CDC, Behavioral Risk Factor Surveillance System",2016
2017,2017 Annual,Insufficient Sleep - Urban,Ohio,39,35.8,0.6,38.5,33.1,"CDC, Behavioral Risk Factor Surveillance System",2016
2017,2017 Annual,Insufficient Sleep - White,Ohio,47,36.5,1.29,37.9,35,"CDC, Behavioral Risk Factor Surveillance System",2016
2017,2017 Annual,Low Birthweight,Ohio,32,8.5,0.32,8.6,8.4,"CDC WONDER Online Database, Natality public-use data",2015
2017,2017 Annual,Low Birthweight - Black/African American,Ohio,,13.9,,,,"CDC WONDER Online Database, Natality public-use data",2015
2017,2017 Annual,Low Birthweight - College Graduate,Ohio,,6.6,,,,"CDC WONDER Online Database, Natality public-use data",2015
2017,2017 Annual,Low Birthweight - High School Graduate,Ohio,,9.9,,,,"CDC WONDER Online Database, Natality public-use data",2015
2017,2017 Annual,Low Birthweight - Hispanic,Ohio,,7.7,,,,"CDC WONDER Online Database, Natality public-use data",2015
2017,2017 Annual,Low Birthweight - Less than High School,Ohio,,10.8,,,,"CDC WONDER Online Database, Natality public-use data",2015
2017,2017 Annual,Low Birthweight - Mother Ages 15-19,Ohio,,10,,,,"CDC WONDER Online Database, Natality public-use data",2015
2017,2017 Annual,Low Birthweight - Mother Ages 20-24,Ohio,,9.3,,,,"CDC WONDER Online Database, Natality public-use data",2015
2017,2017 Annual,Low Birthweight - Mother Ages 25-29,Ohio,,7.9,,,,"CDC WONDER Online Database, Natality public-use data",2015
2017,2017 Annual,Low Birthweight - Mother Ages 30-34,Ohio,,7.4,,,,"CDC WONDER Online Database, Natality public-use data",2015
2017,2017 Annual,Low Birthweight - Mother Ages 35-39,Ohio,,9.5,,,,"CDC WONDER Online Database, Natality public-use data",2015
2017,2017 Annual,Low Birthweight - Mother Ages 40-44,Ohio,,10.6,,,,"CDC WONDER Online Database, Natality public-use data",2015
2017,2017 Annual,Low Birthweight - Some College,Ohio,,8.7,,,,"CDC WONDER Online Database, Natality public-use data",2015
2017,2017 Annual,Low Birthweight - White,Ohio,,7.3,,,,"CDC WONDER Online Database, Natality public-use data",2015
2017,2017 Annual,Median Household Income,Ohio,37,53985,-0.562,57697.2,50272.8,"U.S. Census Bureau, Current Population Survey, Annual Social and Economic Supplement",2016
2017,2017 Annual,Meningococcal Immunizations,Ohio,28,79.6,-0.27,84.7,73.4,"CDC, National Immunization Survey-Teen",2016
2017,2017 Annual,Meningococcal Immunizations - Above Poverty,Ohio,,78.9,,84.5,71.9,"CDC, National Immunization Survey-Teen",2016
2017,2017 Annual,Meningococcal Immunizations - Below Poverty,Ohio,,85.5,,94.1,68.2,"CDC, National Immunization Survey-Teen",2016
2017,2017 Annual,Meningococcal Immunizations - Black,Ohio,,99,,99.8,94,"CDC, National Immunization Survey-Teen",2016
2017,2017 Annual,Meningococcal Immunizations - Hispanic,Ohio,,,,,,"CDC, National Immunization Survey-Teen",2016
2017,2017 Annual,Meningococcal Immunizations - White,Ohio,,75,,81.5,67.2,"CDC, National Immunization Survey-Teen",2016
2017,2017 Annual,Mental Health Providers,Ohio,32,182.5,-0.35,,,"U.S. HHS, Centers for Medicare & Medicaid Services, National Plan and Provider Enumeration System, Aug 2018; U.S. Census Bureau, Annual Estimates of the Resident Population: April 1, 2010 to July 1, 2017",2013
2017,2017 Annual,Neighborhood Amenities,Ohio,26,35.5,-0.29,,,"Child and Adolescent Health Measurement Initiative (CAHMI), National Survey of Children's Health Indicator Data Set, Data Resource Center for Child and Adolescent Health supported by the U.S. HHS, HRSA, Maternal and Child Health Bureau (MCHB)",2016
2017,2017 Annual,Neighborhood Amenities,Ohio,26,35.5,-0.29,,,"Child and Adolescent Health Measurement Initiative, National Survey of Childrens Health, Data Resource Center for Child and Adolescent Health",2016
2017,2017 Annual,Obesity,Ohio,32,31.5,0.44,32.8,30.2,"CDC, Behavioral Risk Factor Surveillance System",2016
2017,2017 Annual,"Obesity - $25-$49,999",Ohio,28,34.2,0.13,37,31.4,"CDC, Behavioral Risk Factor Surveillance System",2016
2017,2017 Annual,"Obesity - $50-$74,999",Ohio,42,36.2,0.89,39.7,32.6,"CDC, Behavioral Risk Factor Surveillance System",2016
2017,2017 Annual,"Obesity - $75,000 or More",Ohio,26,28.3,0.4,30.7,25.9,"CDC, Behavioral Risk Factor Surveillance System",2016
2017,2017 Annual,Obesity - Ages 18-44,Ohio,31,27.8,0.32,30.1,25.5,"CDC, Behavioral Risk Factor Surveillance System",2016
2017,2017 Annual,Obesity - Ages 45-64,Ohio,36,37.3,0.68,39.4,35.2,"CDC, Behavioral Risk Factor Surveillance System",2016
2017,2017 Annual,Obesity - Ages 65+,Ohio,32,29.7,0.48,31.7,27.6,"CDC, Behavioral Risk Factor Surveillance System",2016
2017,2017 Annual,Obesity - American Indian/Alaskan Native,Ohio,0,60.4,0,77,43.8,"CDC, Behavioral Risk Factor Surveillance System",2016
2017,2017 Annual,Obesity - Asian,Ohio,0,,0,21.3,4.1,"CDC, Behavioral Risk Factor Surveillance System",2016
2017,2017 Annual,Obesity - Black,Ohio,0,35.8,0,40.4,31.2,"CDC, Behavioral Risk Factor Surveillance System",2016
2017,2017 Annual,Obesity - College Grad,Ohio,31,26,0.74,28,24,"CDC, Behavioral Risk Factor Surveillance System",2016
2017,2017 Annual,Obesity - Female,Ohio,36,32.1,0.6,33.9,30.3,"CDC, Behavioral Risk Factor Surveillance System",2016
2017,2017 Annual,Obesity - Hawaiian/Pacific Islander,Ohio,0,,0,54.4,0,"CDC, Behavioral Risk Factor Surveillance System",2016
2017,2017 Annual,Obesity - High School Grad,Ohio,35,36.4,0.41,38.7,34.1,"CDC, Behavioral Risk Factor Surveillance System",2016
2017,2017 Annual,Obesity - Hispanic,Ohio,0,37.9,0,48.1,27.6,"CDC, Behavioral Risk Factor Surveillance System",2016
2017,2017 Annual,"Obesity - Less Than $25,000",Ohio,37,38.6,0.57,41.8,35.5,"CDC, Behavioral Risk Factor Surveillance System",2016
2017,2017 Annual,Obesity - Less than High School,Ohio,26,37.1,0.02,42.5,31.7,"CDC, Behavioral Risk Factor Surveillance System",2016
2017,2017 Annual,Obesity - Male,Ohio,28,30.9,0.4,32.8,29,"CDC, Behavioral Risk Factor Surveillance System",2016
2017,2017 Annual,Obesity - Multiracial,Ohio,0,42.8,0,54.7,30.8,"CDC, Behavioral Risk Factor Surveillance System",2016
2017,2017 Annual,Obesity - Other Race,Ohio,0,,0,38.9,3,"CDC, Behavioral Risk Factor Surveillance System",2016
2017,2017 Annual,Obesity - Rural,Ohio,0,37.2,0,39.7,34.6,"CDC, Behavioral Risk Factor Surveillance System",2016
2017,2017 Annual,Obesity - Some College,Ohio,27,35.5,0.39,38.1,32.9,"CDC, Behavioral Risk Factor Surveillance System",2016
2017,2017 Annual,Obesity - Suburban,Ohio,0,32.6,0,35.6,29.6,"CDC, Behavioral Risk Factor Surveillance System",2016
2017,2017 Annual,Obesity - Urban,Ohio,37,33.6,0.84,36.3,30.9,"CDC, Behavioral Risk Factor Surveillance System",2016
2017,2017 Annual,Obesity - White,Ohio,34,30.8,0.59,32.2,29.4,"CDC, Behavioral Risk Factor Surveillance System",2016
2017,2017 Annual,Occupational Fatalities,Ohio,22,4.3,0,4.8,3.8,"U.S. Bureau of Labor Statistics, Census of Fatal Occupational Injuries; U.S. Bureau of Economic Analysis",2013-2015
2017,2017 Annual,Overall,Ohio,39,-0.41,-0.41,0,0,America's Health Rankings composite measure,2017
2017,2017 Annual,"Personal Income, Per Capita ",Ohio,29,44593,-0.624,,,U.S. Bureau of Economic Analysis,2016
2017,2017 Annual,Pertussis,Ohio,34,7.1,0.1,,,"CDC, National Notifiable Infectious Diseases Surveillance System, Annual Tables of Infectious Disease Data",2015
2017,2017 Annual,Physical Inactivity,Ohio,35,25.9,0.67,27.1,24.7,"CDC, Behavioral Risk Factor Surveillance System",2016
2017,2017 Annual,"Physical Inactivity - $25-$49,999",Ohio,36,29.7,0.31,32.3,27.1,"CDC, Behavioral Risk Factor Surveillance System",2016
2017,2017 Annual,"Physical Inactivity - $50-$74,999",Ohio,30,20.7,0.19,23.6,17.8,"CDC, Behavioral Risk Factor Surveillance System",2016
2017,2017 Annual,"Physical Inactivity - $75,000 or More",Ohio,28,13.1,0.07,14.8,11.3,"CDC, Behavioral Risk Factor Surveillance System",2016
2017,2017 Annual,Physical Inactivity - Ages 18-44,Ohio,29,18.8,-0.09,20.8,16.9,"CDC, Behavioral Risk Factor Surveillance System",2016
2017,2017 Annual,Physical Inactivity - Ages 45-64,Ohio,35,27.9,0.24,29.8,26.1,"CDC, Behavioral Risk Factor Surveillance System",2016
2017,2017 Annual,Physical Inactivity - Ages 65+,Ohio,42,37.3,1.03,39.3,35.2,"CDC, Behavioral Risk Factor Surveillance System",2016
2017,2017 Annual,Physical Inactivity - American Indian/Alaskan Native,Ohio,0,24.5,0,38.2,10.8,"CDC, Behavioral Risk Factor Surveillance System",2016
2017,2017 Annual,Physical Inactivity - Asian,Ohio,0,18.3,0,28.8,7.8,"CDC, Behavioral Risk Factor Surveillance System",2016
2017,2017 Annual,Physical Inactivity - Black,Ohio,0,33,0,37.3,28.7,"CDC, Behavioral Risk Factor Surveillance System",2016
2017,2017 Annual,Physical Inactivity - College Grad,Ohio,25,12.2,-0.11,13.6,10.8,"CDC, Behavioral Risk Factor Surveillance System",2016
2017,2017 Annual,Physical Inactivity - Female,Ohio,37,28.6,0.44,30.2,26.9,"CDC, Behavioral Risk Factor Surveillance System",2016
2017,2017 Annual,Physical Inactivity - Hawaiian/Pacific Islander,Ohio,0,,0,0,0,"CDC, Behavioral Risk Factor Surveillance System",2016
2017,2017 Annual,Physical Inactivity - High School Grad,Ohio,41,34.9,0.57,37,32.7,"CDC, Behavioral Risk Factor Surveillance System",2016
2017,2017 Annual,Physical Inactivity - Hispanic,Ohio,0,25.9,0,34.8,17,"CDC, Behavioral Risk Factor Surveillance System",2016
2017,2017 Annual,"Physical Inactivity - Less Than $25,000",Ohio,35,42.1,0.5,45.2,39.1,"CDC, Behavioral Risk Factor Surveillance System",2016
2017,2017 Annual,Physical Inactivity - Less than High School,Ohio,42,49.6,0.95,55,44.2,"CDC, Behavioral Risk Factor Surveillance System",2016
2017,2017 Annual,Physical Inactivity - Male,Ohio,35,23.1,0.34,24.8,21.4,"CDC, Behavioral Risk Factor Surveillance System",2016
2017,2017 Annual,Physical Inactivity - Multiracial,Ohio,0,20.6,0,29,12.3,"CDC, Behavioral Risk Factor Surveillance System",2016
2017,2017 Annual,Physical Inactivity - Other Race,Ohio,0,,0,42.9,6.3,"CDC, Behavioral Risk Factor Surveillance System",2016
2017,2017 Annual,Physical Inactivity - Rural,Ohio,0,34.8,0,37.3,32.2,"CDC, Behavioral Risk Factor Surveillance System",2016
2017,2017 Annual,Physical Inactivity - Some College,Ohio,32,23.8,0.19,26,21.7,"CDC, Behavioral Risk Factor Surveillance System",2016
2017,2017 Annual,Physical Inactivity - Suburban,Ohio,0,27.3,0,29.9,24.8,"CDC, Behavioral Risk Factor Surveillance System",2016
2017,2017 Annual,Physical Inactivity - Urban,Ohio,37,29.6,0.56,32.1,27.2,"CDC, Behavioral Risk Factor Surveillance System",2016
2017,2017 Annual,Physical Inactivity - White,Ohio,37,25.1,0.66,26.4,23.9,"CDC, Behavioral Risk Factor Surveillance System",2016
2017,2017 Annual,Policy,Ohio,24,0.02,0.02,0,0,America's Health Rankings composite measure,2017
2017,2017 Annual,Poor Mental Health Days,Ohio,33,4.1,0.6,4.3,3.8,"CDC, Behavioral Risk Factor Surveillance System",2016
2017,2017 Annual,"Poor Mental Health Days - $25-$49,999",Ohio,20,3.6,0,4.1,3.1,"CDC, Behavioral Risk Factor Surveillance System",2016
2017,2017 Annual,"Poor Mental Health Days - $50-$74,999",Ohio,18,2.7,-0.48,3.2,2.2,"CDC, Behavioral Risk Factor Surveillance System",2016
2017,2017 Annual,"Poor Mental Health Days - $75,000 or More",Ohio,15,2.1,-0.7,2.5,1.8,"CDC, Behavioral Risk Factor Surveillance System",2016
2017,2017 Annual,Poor Mental Health Days - Ages 18-44,Ohio,39,4.9,1.19,5.4,4.5,"CDC, Behavioral Risk Factor Surveillance System",2016
2017,2017 Annual,Poor Mental Health Days - Ages 45-64,Ohio,37,4.3,0.55,4.7,3.9,"CDC, Behavioral Risk Factor Surveillance System",2016
2017,2017 Annual,Poor Mental Health Days - Ages 65+,Ohio,8,2,-1.13,2.3,1.7,"CDC, Behavioral Risk Factor Surveillance System",2016
2017,2017 Annual,Poor Mental Health Days - American Indian/Alaskan Native,Ohio,0,,0,13.2,3.3,"CDC, Behavioral Risk Factor Surveillance System",2016
2017,2017 Annual,Poor Mental Health Days - Asian,Ohio,0,1.9,0,2.9,0.9,"CDC, Behavioral Risk Factor Surveillance System",2016
2017,2017 Annual,Poor Mental Health Days - Black,Ohio,0,4.4,0,5.3,3.5,"CDC, Behavioral Risk Factor Surveillance System",2016
2017,2017 Annual,Poor Mental Health Days - College Grad,Ohio,13,2.4,-0.37,2.7,2.1,"CDC, Behavioral Risk Factor Surveillance System",2016
2017,2017 Annual,Poor Mental Health Days - Female,Ohio,37,4.9,1.08,5.3,4.6,"CDC, Behavioral Risk Factor Surveillance System",2016
2017,2017 Annual,Poor Mental Health Days - Hawaiian/Pacific Islander,Ohio,0,,0,0.5,0,"CDC, Behavioral Risk Factor Surveillance System",2016
2017,2017 Annual,Poor Mental Health Days - High School Grad,Ohio,36,4.2,0.67,4.6,3.7,"CDC, Behavioral Risk Factor Surveillance System",2016
2017,2017 Annual,Poor Mental Health Days - Hispanic,Ohio,0,6,0,8.6,3.5,"CDC, Behavioral Risk Factor Surveillance System",2016
2017,2017 Annual,"Poor Mental Health Days - Less Than $25,000",Ohio,43,7.5,1.69,8.3,6.8,"CDC, Behavioral Risk Factor Surveillance System",2016
2017,2017 Annual,Poor Mental Health Days - Less than High School,Ohio,47,7.4,1.96,8.7,6.2,"CDC, Behavioral Risk Factor Surveillance System",2016
2017,2017 Annual,Poor Mental Health Days - Male,Ohio,25,3.2,0.21,3.5,2.9,"CDC, Behavioral Risk Factor Surveillance System",2016
2017,2017 Annual,Poor Mental Health Days - Multiracial,Ohio,0,6.5,0,8.2,4.7,"CDC, Behavioral Risk Factor Surveillance System",2016
2017,2017 Annual,Poor Mental Health Days - Other Race,Ohio,0,,0,2.4,0.2,"CDC, Behavioral Risk Factor Surveillance System",2016
2017,2017 Annual,Poor Mental Health Days - Rural,Ohio,0,3.4,0,3.9,3,"CDC, Behavioral Risk Factor Surveillance System",2016
2017,2017 Annual,Poor Mental Health Days - Some College,Ohio,20,3.8,0,4.2,3.4,"CDC, Behavioral Risk Factor Surveillance System",2016
2017,2017 Annual,Poor Mental Health Days - Suburban,Ohio,0,3.5,0,4,3,"CDC, Behavioral Risk Factor Surveillance System",2016
2017,2017 Annual,Poor Mental Health Days - Urban,Ohio,30,3.5,0.29,3.9,3,"CDC, Behavioral Risk Factor Surveillance System",2016
2017,2017 Annual,Poor Mental Health Days - White,Ohio,32,4,0.38,4.2,3.7,"CDC, Behavioral Risk Factor Surveillance System",2016
2017,2017 Annual,Poor Physical Health Days,Ohio,33,4.1,0.55,4.3,3.9,"CDC, Behavioral Risk Factor Surveillance System",2016
2017,2017 Annual,"Poor Physical Health Days - $25-$49,999",Ohio,29,4.2,0.21,4.7,3.7,"CDC, Behavioral Risk Factor Surveillance System",2016
2017,2017 Annual,"Poor Physical Health Days - $50-$74,999",Ohio,16,2.7,-0.99,3.2,2.2,"CDC, Behavioral Risk Factor Surveillance System",2016
2017,2017 Annual,"Poor Physical Health Days - $75,000 or More",Ohio,15,2,-0.66,2.3,1.7,"CDC, Behavioral Risk Factor Surveillance System",2016
2017,2017 Annual,Poor Physical Health Days - Ages 18-44,Ohio,36,2.9,0.88,3.3,2.6,"CDC, Behavioral Risk Factor Surveillance System",2016
2017,2017 Annual,Poor Physical Health Days - Ages 45-64,Ohio,29,5,0.11,5.4,4.6,"CDC, Behavioral Risk Factor Surveillance System",2016
2017,2017 Annual,Poor Physical Health Days - Ages 65+,Ohio,27,5.1,-0.14,5.5,4.6,"CDC, Behavioral Risk Factor Surveillance System",2016
2017,2017 Annual,Poor Physical Health Days - American Indian/Alaskan Native,Ohio,0,,0,9.9,2.1,"CDC, Behavioral Risk Factor Surveillance System",2016
2017,2017 Annual,Poor Physical Health Days - Asian,Ohio,0,,0,1.1,0.3,"CDC, Behavioral Risk Factor Surveillance System",2016
2017,2017 Annual,Poor Physical Health Days - Black,Ohio,0,4.5,0,5.3,3.7,"CDC, Behavioral Risk Factor Surveillance System",2016
2017,2017 Annual,Poor Physical Health Days - College Grad,Ohio,12,2.2,-0.67,2.4,1.9,"CDC, Behavioral Risk Factor Surveillance System",2016
2017,2017 Annual,Poor Physical Health Days - Female,Ohio,34,4.4,0.35,4.7,4.1,"CDC, Behavioral Risk Factor Surveillance System",2016
2017,2017 Annual,Poor Physical Health Days - Hawaiian/Pacific Islander,Ohio,0,,0,1.6,0,"CDC, Behavioral Risk Factor Surveillance System",2016
2017,2017 Annual,Poor Physical Health Days - High School Grad,Ohio,34,5,0.64,5.5,4.6,"CDC, Behavioral Risk Factor Surveillance System",2016
2017,2017 Annual,Poor Physical Health Days - Hispanic,Ohio,0,5,0,6.9,3.1,"CDC, Behavioral Risk Factor Surveillance System",2016
2017,2017 Annual,"Poor Physical Health Days - Less Than $25,000",Ohio,38,8.4,1.17,9.1,7.7,"CDC, Behavioral Risk Factor Surveillance System",2016
2017,2017 Annual,Poor Physical Health Days - Less than High School,Ohio,40,8.2,1.13,9.4,6.9,"CDC, Behavioral Risk Factor Surveillance System",2016
2017,2017 Annual,Poor Physical Health Days - Male,Ohio,33,3.8,0.53,4.1,3.4,"CDC, Behavioral Risk Factor Surveillance System",2016
2017,2017 Annual,Poor Physical Health Days - Multiracial,Ohio,0,6.6,0,8.9,4.4,"CDC, Behavioral Risk Factor Surveillance System",2016
2017,2017 Annual,Poor Physical Health Days - Other Race,Ohio,0,,0,4.7,0.5,"CDC, Behavioral Risk Factor Surveillance System",2016
2017,2017 Annual,Poor Physical Health Days - Rural,Ohio,0,5.2,0,5.7,4.6,"CDC, Behavioral Risk Factor Surveillance System",2016
2017,2017 Annual,Poor Physical Health Days - Some College,Ohio,25,4.2,0,4.6,3.8,"CDC, Behavioral Risk Factor Surveillance System",2016
2017,2017 Annual,Poor Physical Health Days - Suburban,Ohio,0,4.5,0,5.1,4,"CDC, Behavioral Risk Factor Surveillance System",2016
2017,2017 Annual,Poor Physical Health Days - Urban,Ohio,37,5,0.74,5.5,4.4,"CDC, Behavioral Risk Factor Surveillance System",2016
2017,2017 Annual,Poor Physical Health Days - White,Ohio,29,4,0,4.3,3.8,"CDC, Behavioral Risk Factor Surveillance System",2016
2017,2017 Annual,Premature Death,Ohio,39,8492,0.88,8564,8419,"CDC WONDER Online Database, Underlying Cause of Death, Multiple Cause of Death files",2015
2017,2017 Annual,Preventable Hospitalizations,Ohio,42,57,0.67,57.5,56.4,The Dartmouth Atlas of Health Care,2015
2017,2017 Annual,Primary Care Physicians,Ohio,13,167.3,0.5,,,"Special data request for information on active state licensed physicians provided by Redi-Data, Inc., Sept 28, 2018; U.S. Census Bureau Annual Estimates of the Resident Population: April 1, 2010 to July 1, 2017",2017
2017,2017 Annual,Public Health Funding,Ohio,45,53,-0.62,,,"Trust For Americas Health; U.S. Department of Health and Human Services (HHS); U.S. Census Bureau, Annual Estimates of the Resident Population: April 1, 2010 to July 1, 2017",2015-2016
2017,2017 Annual,Public Health Funding,Ohio,45,53,-0.69,,,Trust for America's Health Health,2015-2016
2017,2017 Annual,Salmonella,Ohio,9,11.7,-0.83,,,"CDC, National Notifiable Infectious Diseases Surveillance System, Annual Tables of Infectious Disease Data",2015
2017,2017 Annual,Seat Belt Use,Ohio,34,82.5,-0.41,83.6,81.3,"CDC, Behavioral Risk Factor Surveillance System",2015
2017,2017 Annual,"Seat Belt Use - $25-$49,999",Ohio,27,83.7,-0.43,86,81.5,"CDC, Behavioral Risk Factor Surveillance System",2015
2017,2017 Annual,"Seat Belt Use - $50-$74,999",Ohio,34,83.4,-0.55,86.2,80.7,"CDC, Behavioral Risk Factor Surveillance System",2015
2017,2017 Annual,"Seat Belt Use - $75,000 or More",Ohio,27,87.7,-0.42,89.5,85.8,"CDC, Behavioral Risk Factor Surveillance System",2015
2017,2017 Annual,Seat Belt Use - Ages 18 to 44,Ohio,36,78.4,-0.81,80.6,76.3,"CDC, Behavioral Risk Factor Surveillance System",2015
2017,2017 Annual,Seat Belt Use - Ages 45 to 64,Ohio,36,84.6,-0.68,86.2,83.1,"CDC, Behavioral Risk Factor Surveillance System",2015
2017,2017 Annual,Seat Belt Use - Ages 65+,Ohio,33,87.4,-0.61,89,85.8,"CDC, Behavioral Risk Factor Surveillance System",2015
2017,2017 Annual,Seat Belt Use - Am. Indian,Ohio,0,86.1,0,96.4,75.8,"CDC, Behavioral Risk Factor Surveillance System",2015
2017,2017 Annual,Seat Belt Use - Asian,Ohio,0,95.2,0,99,91.3,"CDC, Behavioral Risk Factor Surveillance System",2015
2017,2017 Annual,Seat Belt Use - Black,Ohio,0,82.1,0,86,78.2,"CDC, Behavioral Risk Factor Surveillance System",2015
2017,2017 Annual,Seat Belt Use - College Grad,Ohio,27,89.6,-0.47,91,88.3,"CDC, Behavioral Risk Factor Surveillance System",2015
2017,2017 Annual,Seat Belt Use - Female,Ohio,35,87.2,-0.68,88.5,85.9,"CDC, Behavioral Risk Factor Surveillance System",2015
2017,2017 Annual,Seat Belt Use - Hawaiian PI,Ohio,0,,0,107,0,"CDC, Behavioral Risk Factor Surveillance System",2015
2017,2017 Annual,Seat Belt Use - High School Grad,Ohio,34,81.9,-0.51,83.8,80,"CDC, Behavioral Risk Factor Surveillance System",2015
2017,2017 Annual,Seat Belt Use - Hispanic,Ohio,0,77.7,0,86.1,69.3,"CDC, Behavioral Risk Factor Surveillance System",2015
2017,2017 Annual,"Seat Belt Use - Less than $25,000",Ohio,37,79.6,-0.92,82.3,76.9,"CDC, Behavioral Risk Factor Surveillance System",2015
2017,2017 Annual,Seat Belt Use - Less Than HS,Ohio,36,78.6,-0.77,83.5,73.7,"CDC, Behavioral Risk Factor Surveillance System",2015
2017,2017 Annual,Seat Belt Use - Male,Ohio,35,77.4,-0.75,79.3,75.5,"CDC, Behavioral Risk Factor Surveillance System",2015
2017,2017 Annual,Seat Belt Use - Multiracial,Ohio,0,74.2,0,85.1,63.4,"CDC, Behavioral Risk Factor Surveillance System",2016
2017,2017 Annual,Seat Belt Use - Other Race,Ohio,0,,0,97.1,59.4,"CDC, Behavioral Risk Factor Surveillance System",2016
2017,2017 Annual,Seat Belt Use - Rural,Ohio,0,84.4,0,86.5,82.3,"CDC, Behavioral Risk Factor Surveillance System",2015
2017,2017 Annual,Seat Belt Use - Some College,Ohio,33,83.7,-0.62,85.6,81.7,"CDC, Behavioral Risk Factor Surveillance System",2015
2017,2017 Annual,Seat Belt Use - Suburban,Ohio,0,86.6,0,88.7,84.4,"CDC, Behavioral Risk Factor Surveillance System",2015
2017,2017 Annual,Seat Belt Use - Urban,Ohio,42,85.7,-1.27,87.9,83.5,"CDC, Behavioral Risk Factor Surveillance System",2015
2017,2017 Annual,Seat Belt Use - White,Ohio,35,82.6,-0.59,83.9,81.4,"CDC, Behavioral Risk Factor Surveillance System",2015
2017,2017 Annual,Six+ Teeth Extractions,Ohio,38,22.7,0.8,24.5,20.9,"CDC, Behavioral Risk Factor Surveillance System",2016
2017,2017 Annual,Smoking,Ohio,45,22.5,1.53,23.8,21.3,"CDC, Behavioral Risk Factor Surveillance System",2016
2017,2017 Annual,"Smoking - $25-$49,999",Ohio,49,26.1,2,28.9,23.4,"CDC, Behavioral Risk Factor Surveillance System",2016
2017,2017 Annual,"Smoking - $50-$74,999",Ohio,49,19,1.56,22.1,15.9,"CDC, Behavioral Risk Factor Surveillance System",2016
2017,2017 Annual,"Smoking - $75,000 or More",Ohio,41,11,0.74,12.9,9.2,"CDC, Behavioral Risk Factor Surveillance System",2016
2017,2017 Annual,Smoking - Ages 18-44,Ohio,46,26.4,1.8,28.7,24.1,"CDC, Behavioral Risk Factor Surveillance System",2016
2017,2017 Annual,Smoking - Ages 45-64,Ohio,45,24.9,1.56,26.8,22.9,"CDC, Behavioral Risk Factor Surveillance System",2016
2017,2017 Annual,Smoking - Ages 65+,Ohio,41,10.6,1.06,12.1,9.1,"CDC, Behavioral Risk Factor Surveillance System",2016
2017,2017 Annual,Smoking - American Indian/Alaskan Native,Ohio,0,26.8,0,40.7,12.9,"CDC, Behavioral Risk Factor Surveillance System",2016
2017,2017 Annual,Smoking - Asian,Ohio,0,,0,15.4,0.3,"CDC, Behavioral Risk Factor Surveillance System",2016
2017,2017 Annual,Smoking - Black,Ohio,0,23.5,0,27.7,19.3,"CDC, Behavioral Risk Factor Surveillance System",2016
2017,2017 Annual,Smoking - College Grad,Ohio,30,7.3,0.5,8.5,6.1,"CDC, Behavioral Risk Factor Surveillance System",2016
2017,2017 Annual,Smoking - Female,Ohio,46,20.5,1.66,22.1,18.9,"CDC, Behavioral Risk Factor Surveillance System",2016
2017,2017 Annual,Smoking - Hawaiian/Pacific Islander,Ohio,0,,0,0,0,"CDC, Behavioral Risk Factor Surveillance System",2016
2017,2017 Annual,Smoking - High School Grad,Ohio,49,29.6,2,31.9,27.4,"CDC, Behavioral Risk Factor Surveillance System",2016
2017,2017 Annual,Smoking - Hispanic,Ohio,0,22.3,0,30.9,13.7,"CDC, Behavioral Risk Factor Surveillance System",2016
2017,2017 Annual,"Smoking - Less Than $25,000",Ohio,47,39.3,2,42.5,36.1,"CDC, Behavioral Risk Factor Surveillance System",2016
2017,2017 Annual,Smoking - Less than High School,Ohio,47,44.4,2,50,38.8,"CDC, Behavioral Risk Factor Surveillance System",2016
2017,2017 Annual,Smoking - Male,Ohio,46,24.7,1.74,26.6,22.7,"CDC, Behavioral Risk Factor Surveillance System",2016
2017,2017 Annual,Smoking - Multiracial,Ohio,0,37,0,48.3,25.7,"CDC, Behavioral Risk Factor Surveillance System",2016
2017,2017 Annual,Smoking - Other Race,Ohio,0,,0,29.4,1,"CDC, Behavioral Risk Factor Surveillance System",2016
2017,2017 Annual,Smoking - Rural,Ohio,0,19.1,0,21.5,16.8,"CDC, Behavioral Risk Factor Surveillance System",2016
2017,2017 Annual,Smoking - Some College,Ohio,47,22.1,1.5,24.4,19.9,"CDC, Behavioral Risk Factor Surveillance System",2016
2017,2017 Annual,Smoking - Suburban,Ohio,0,16.7,0,19.2,14.3,"CDC, Behavioral Risk Factor Surveillance System",2016
2017,2017 Annual,Smoking - Urban,Ohio,0,19,0,21.4,16.7,"CDC, Behavioral Risk Factor Surveillance System",2016
2017,2017 Annual,Smoking - White,Ohio,44,22.4,1.44,23.8,21.1,"CDC, Behavioral Risk Factor Surveillance System",2016
2017,2017 Annual,Stroke,Ohio,37,3.6,0.65,4,3.1,"CDC, Behavioral Risk Factor Surveillance System",2016
2017,2017 Annual,"Stroke - $25-$49,999",Ohio,0,4.2,0,5.2,3.1,"CDC, Behavioral Risk Factor Surveillance System",2016
2017,2017 Annual,"Stroke - $50-$74,999",Ohio,0,2.2,0,3,1.4,"CDC, Behavioral Risk Factor Surveillance System",2016
2017,2017 Annual,"Stroke - $75,000 or More",Ohio,0,1.3,0,1.9,0.7,"CDC, Behavioral Risk Factor Surveillance System",2016
2017,2017 Annual,Stroke - Ages 18-44,Ohio,0,0.8,0,1.2,0.3,"CDC, Behavioral Risk Factor Surveillance System",2016
2017,2017 Annual,Stroke - Ages 45-64,Ohio,37,4.4,0.63,5.3,3.5,"CDC, Behavioral Risk Factor Surveillance System",2016
2017,2017 Annual,Stroke - Ages 65+,Ohio,30,8,0.26,9.2,6.8,"CDC, Behavioral Risk Factor Surveillance System",2016
2017,2017 Annual,Stroke - American Indian/Alaskan Native,Ohio,0,,0,39,7.2,"CDC, Behavioral Risk Factor Surveillance System",2016
2017,2017 Annual,Stroke - Asian,Ohio,0,,0,0.3,0,"CDC, Behavioral Risk Factor Surveillance System",2016
2017,2017 Annual,Stroke - Black,Ohio,0,3,0,4.2,1.7,"CDC, Behavioral Risk Factor Surveillance System",2016
2017,2017 Annual,Stroke - College Grad,Ohio,0,1.6,0,2.1,1.1,"CDC, Behavioral Risk Factor Surveillance System",2016
2017,2017 Annual,Stroke - Female,Ohio,31,3.5,0.36,4.1,3,"CDC, Behavioral Risk Factor Surveillance System",2016
2017,2017 Annual,Stroke - Hawaiian/Pacific Islander,Ohio,0,,0,0,0,"CDC, Behavioral Risk Factor Surveillance System",2016
2017,2017 Annual,Stroke - High School Grad,Ohio,39,4.9,0.74,5.8,4,"CDC, Behavioral Risk Factor Surveillance System",2016
2017,2017 Annual,Stroke - Hispanic,Ohio,0,,0,9.9,0.1,"CDC, Behavioral Risk Factor Surveillance System",2016
2017,2017 Annual,"Stroke - Less Than $25,000",Ohio,31,7.4,0.79,8.9,6,"CDC, Behavioral Risk Factor Surveillance System",2016
2017,2017 Annual,Stroke - Less than High School,Ohio,0,7.6,0,10.1,5.1,"CDC, Behavioral Risk Factor Surveillance System",2016
2017,2017 Annual,Stroke - Male,Ohio,38,3.7,0.77,4.4,2.9,"CDC, Behavioral Risk Factor Surveillance System",2016
2017,2017 Annual,Stroke - Multiracial,Ohio,0,,0,7.2,0.5,"CDC, Behavioral Risk Factor Surveillance System",2016
2017,2017 Annual,Stroke - Other Race,Ohio,0,,0,11.4,0,"CDC, Behavioral Risk Factor Surveillance System",2016
2017,2017 Annual,Stroke - Rural,Ohio,0,4.7,0,5.7,3.8,"CDC, Behavioral Risk Factor Surveillance System",2016
2017,2017 Annual,Stroke - Some College,Ohio,0,4,0,4.9,3.1,"CDC, Behavioral Risk Factor Surveillance System",2016
2017,2017 Annual,Stroke - Suburban,Ohio,0,5.6,0,7,4.2,"CDC, Behavioral Risk Factor Surveillance System",2016
2017,2017 Annual,Stroke - Urban,Ohio,0,5,0,6,3.9,"CDC, Behavioral Risk Factor Surveillance System",2016
2017,2017 Annual,Stroke - White,Ohio,32,3.5,0.13,4,3,"CDC, Behavioral Risk Factor Surveillance System",2016
2017,2017 Annual,Suicide,Ohio,19,14.2,0.11,14.8,13.5,"CDC WONDER Online Database, Underlying Cause of Death, Multiple Cause of Death files",2015
2017,2017 Annual,Suicide - Ages 65-74,Ohio,,14,,16.2,11.7,"CDC WONDER Online Database, Underlying Cause of Death, Multiple Cause of Death files",2015
2017,2017 Annual,Suicide - Ages 75-84,Ohio,,18.9,,22.5,15.2,"CDC WONDER Online Database, Underlying Cause of Death, Multiple Cause of Death files",2015
2017,2017 Annual,Suicide - Ages 85+,Ohio,,16.6,,22.4,12,"CDC WONDER Online Database, Underlying Cause of Death, Multiple Cause of Death files",2015
2017,2017 Annual,Suicide - American Indian/Alaskan Native,Ohio,,,,,,"CDC WONDER Online Database, Underlying Cause of Death, Multiple Cause of Death files",2015
2017,2017 Annual,Suicide - Asian,Ohio,,8.6,,13.4,5.2,"CDC WONDER Online Database, Underlying Cause of Death, Multiple Cause of Death files",2015
2017,2017 Annual,Suicide - Black,Ohio,,6.9,,8.2,5.5,"CDC WONDER Online Database, Underlying Cause of Death, Multiple Cause of Death files",2015
2017,2017 Annual,Suicide - Female,Ohio,,5.7,,6.3,5.1,"CDC WONDER Online Database, Underlying Cause of Death, Multiple Cause of Death files",2015
2017,2017 Annual,Suicide - Male,Ohio,,23.3,,24.5,22,"CDC WONDER Online Database, Underlying Cause of Death, Multiple Cause of Death files",2015
2017,2017 Annual,Suicide - White,Ohio,,15.4,,16.2,14.6,"CDC WONDER Online Database, Underlying Cause of Death, Multiple Cause of Death files",2015
2017,2017 Annual,Tdap Immunizations,Ohio,16,90.8,0.64,94.3,85.6,"CDC, National Immunization Survey-Teen",2016
2017,2017 Annual,Tdap Immunizations - Above Poverty,Ohio,,91.3,,95,85.4,"CDC, National Immunization Survey-Teen",2016
2017,2017 Annual,Tdap Immunizations - Below Poverty,Ohio,,89.8,,96.6,73.3,"CDC, National Immunization Survey-Teen",2016
2017,2017 Annual,Tdap Immunizations - Black,Ohio,,92.2,,98.6,66.5,"CDC, National Immunization Survey-Teen",2016
2017,2017 Annual,Tdap Immunizations - Hispanic,Ohio,,,,,,"CDC, National Immunization Survey-Teen",2016
2017,2017 Annual,Tdap Immunizations - White,Ohio,,89.9,,94.1,83.4,"CDC, National Immunization Survey-Teen",2016
2017,2017 Annual,"Teeth Extractions - $25-$49,999",Ohio,38,26.7,0.9,30.9,22.5,"CDC, Behavioral Risk Factor Surveillance System",2016
2017,2017 Annual,"Teeth Extractions - $50-$74,999",Ohio,27,14.4,0.03,18.4,10.5,"CDC, Behavioral Risk Factor Surveillance System",2016
2017,2017 Annual,"Teeth Extractions - $75,000 or More",Ohio,32,7.2,0.36,9.1,5.4,"CDC, Behavioral Risk Factor Surveillance System",2016
2017,2017 Annual,Teeth Extractions - American Indian/Alaskan Native,Ohio,0,,0,48.5,6.8,"CDC, Behavioral Risk Factor Surveillance System",2016
2017,2017 Annual,Teeth Extractions - Asian,Ohio,0,,0,25.5,0,"CDC, Behavioral Risk Factor Surveillance System",2016
2017,2017 Annual,Teeth Extractions - Black,Ohio,0,34.1,0,41.1,27.2,"CDC, Behavioral Risk Factor Surveillance System",2016
2017,2017 Annual,Teeth Extractions - College Grad,Ohio,32,6.3,0.2,7.8,4.7,"CDC, Behavioral Risk Factor Surveillance System",2016
2017,2017 Annual,Teeth Extractions - Female,Ohio,38,22.3,0.64,24.6,20,"CDC, Behavioral Risk Factor Surveillance System",2016
2017,2017 Annual,Teeth Extractions - Hawaiian/Pacific Islander,Ohio,0,,0,0,0,"CDC, Behavioral Risk Factor Surveillance System",2016
2017,2017 Annual,Teeth Extractions - High School Grad,Ohio,37,29.1,0.82,32.2,25.9,"CDC, Behavioral Risk Factor Surveillance System",2016
2017,2017 Annual,Teeth Extractions - Hispanic,Ohio,0,,0,23.3,2.6,"CDC, Behavioral Risk Factor Surveillance System",2016
2017,2017 Annual,"Teeth Extractions - Less Than $25,000",Ohio,40,45.2,1.1,49.9,40.5,"CDC, Behavioral Risk Factor Surveillance System",2016
2017,2017 Annual,Teeth Extractions - Less than High School,Ohio,45,58.1,1.85,66.9,49.3,"CDC, Behavioral Risk Factor Surveillance System",2016
2017,2017 Annual,Teeth Extractions - Male,Ohio,38,23,0.9,25.8,20.3,"CDC, Behavioral Risk Factor Surveillance System",2016
2017,2017 Annual,Teeth Extractions - Multiracial,Ohio,0,,0,36.4,9,"CDC, Behavioral Risk Factor Surveillance System",2016
2017,2017 Annual,Teeth Extractions - Other Race,Ohio,0,,0,23.2,0,"CDC, Behavioral Risk Factor Surveillance System",2016
2017,2017 Annual,Teeth Extractions - Rural,Ohio,0,28.1,0,32,24.3,"CDC, Behavioral Risk Factor Surveillance System",2016
2017,2017 Annual,Teeth Extractions - Some College,Ohio,37,18,0.57,20.8,15.1,"CDC, Behavioral Risk Factor Surveillance System",2016
2017,2017 Annual,Teeth Extractions - Suburban,Ohio,0,20.1,0,23.8,16.5,"CDC, Behavioral Risk Factor Surveillance System",2016
2017,2017 Annual,Teeth Extractions - Urban,Ohio,0,20.6,0,24.2,16.9,"CDC, Behavioral Risk Factor Surveillance System",2016
2017,2017 Annual,Teeth Extractions - White,Ohio,40,21.6,0.79,23.4,19.7,"CDC, Behavioral Risk Factor Surveillance System",2016
2017,2017 Annual,Underemployment Rate,Ohio,28,9.7,0.058,,,"U.S. Department of Labor, Bureau of Labor Statistics ",2016
2017,2017 Annual,"Unemployment Rate, Annual",Ohio,26,4.9,0,,,"U.S. Department of Labor, Bureau of Labor Statistics ",2016
2017,2017 Annual,Uninsured,Ohio,14,6.1,-0.95,,,"U.S. Census Bureau, American Community Survey",2015-2016
2017,2017 Annual,Vegetables,Ohio,9,1.78,-0.8,1.82,1.74,"CDC, Behavioral Risk Factor Surveillance System",2015
2017,2017 Annual,Violent Crime,Ohio,18,300,-0.67,,,"U.S. Department of Justice, Federal Bureau of Investigation",2016
2017,2017 Annual,Voter Registration,Ohio,22,72.1,0.42,74,70.2,"U.S. Census Bureau, Current Population Survey, Voter Registration",2016
2017,2017 Annual,Voter Registration - Ages 18-24 ,Ohio,,43.5,,49.2,37.8,"U.S. Census Bureau, Current Population Survey, Voter Registration",2016
2017,2017 Annual,Voter Registration - Ages 25-34,Ohio,,62.6,,67.2,58,"U.S. Census Bureau, Current Population Survey, Voter Registration",2016
2017,2017 Annual,Voter Registration - Ages 35-44,Ohio,,70.9,,75.4,66.4,"U.S. Census Bureau, Current Population Survey, Voter Registration",2016
2017,2017 Annual,Voter Registration - Ages 45-64,Ohio,,69.1,,72.2,66,"U.S. Census Bureau, Current Population Survey, Voter Registration",2016
2017,2017 Annual,Voter Registration - Ages 65+,Ohio,,74,,77.7,70.3,"U.S. Census Bureau, Current Population Survey, Voter Registration",2016
2017,2017 Annual,Voter Registration - Asian,Ohio,,52.5,,74.3,30.7,"U.S. Census Bureau, Current Population Survey, Voter Registration",2016
2017,2017 Annual,Voter Registration - Black,Ohio,,71.8,,78.4,65.2,"U.S. Census Bureau, Current Population Survey, Voter Registration",2016
2017,2017 Annual,Voter Registration - Female,Ohio,,74.3,,76.9,71.7,"U.S. Census Bureau, Current Population Survey, Voter Registration",2016
2017,2017 Annual,Voter Registration - Hispanic,Ohio,,68.9,,90.6,47.2,"U.S. Census Bureau, Current Population Survey, Voter Registration",2016
2017,2017 Annual,Voter Registration - Male,Ohio,,69.7,,72.6,66.8,"U.S. Census Bureau, Current Population Survey, Voter Registration",2016
2017,2017 Annual,Voter Registration - White,Ohio,,72.2,,74.2,70.2,"U.S. Census Bureau, Current Population Survey, Voter Registration",2016
2017,2017 Annual,Water Fluoridation,Ohio,11,92.7,0.8,,,"CDC, Water Fluoridation Reporting System",2014
